Ensembl_ID	Gene_Symbol
ENSG00000245849	RAD51-AS1
ENSG00000246922	UBAP1L
ENSG00000100650	SRSF5
ENSG00000235016	SEMA3F-AS1
ENSG00000079337	RAPGEF3
ENSG00000140398	NEIL1
ENSG00000273729	NA
ENSG00000146067	FAM193B
ENSG00000121310	ECHDC2
ENSG00000075826	SEC31B
ENSG00000266714	MYO15B
ENSG00000115459	ELMOD3
ENSG00000113971	NPHP3
ENSG00000261879	ZNF594-DT
ENSG00000010322	NISCH
ENSG00000100307	CBX7
ENSG00000175309	PHYKPL
ENSG00000271895	NA
ENSG00000146556	WASH2P
ENSG00000168970	JMJD7-PLA2G4B
ENSG00000166337	TAF10
ENSG00000173209	AHSA2P
ENSG00000167615	LENG8
ENSG00000003756	RBM5
ENSG00000137070	IL11RA
ENSG00000139631	CSAD
ENSG00000161010	MRNIP
ENSG00000113108	APBB3
ENSG00000212694	LINC01089
ENSG00000158062	UBXN11
ENSG00000186301	MST1P2
ENSG00000140400	MAN2C1
ENSG00000269054	ZNF497-AS1
ENSG00000130307	USHBP1
ENSG00000004534	RBM6
ENSG00000119688	ABCD4
ENSG00000154263	ABCA10
ENSG00000080947	CROCCP3
ENSG00000012822	CALCOCO1
ENSG00000221978	CCNL2
ENSG00000276409	CCL14
ENSG00000099622	CIRBP
ENSG00000215908	CROCCP2
ENSG00000226891	LINC01359
ENSG00000146830	GIGYF1
ENSG00000130653	PNPLA7
ENSG00000163093	BBS5
ENSG00000239779	WBP1
ENSG00000105373	NOP53
ENSG00000133624	ZNF767P
ENSG00000109063	MYH3
ENSG00000128159	TUBGCP6
ENSG00000228242	XPC-AS1
ENSG00000104852	SNRNP70
ENSG00000267281	ATF7-NPFF
ENSG00000263345	SGSM2-AS1
ENSG00000280927	CTBP1-AS
ENSG00000173531	MST1
ENSG00000196689	TRPV1
ENSG00000136059	VILL
ENSG00000114841	DNAH1
ENSG00000165810	BTNL9
ENSG00000130518	IQCN
ENSG00000215375	MYL5
ENSG00000141258	SGSM2
ENSG00000213366	GSTM2
ENSG00000279833	NA
ENSG00000271327	NA
ENSG00000225032	LOC102723566
ENSG00000182796	TMEM198B
ENSG00000263272	NA
ENSG00000141295	SCRN2
ENSG00000257270	NA
ENSG00000104859	CLASRP
ENSG00000249669	CARMN
ENSG00000112511	PHF1
ENSG00000186166	CENATAC
ENSG00000260911	NA
ENSG00000157873	TNFRSF14
ENSG00000126895	AVPR2
ENSG00000113240	CLK4
ENSG00000114626	ABTB1
ENSG00000166169	POLL
ENSG00000273137	SELENOO-AS1
ENSG00000204859	ZBTB48
ENSG00000092529	CAPN3
ENSG00000117616	RSRP1
ENSG00000129467	ADCY4
ENSG00000100445	SDR39U1
ENSG00000159761	C16orf86
ENSG00000214021	TTLL3
ENSG00000114735	HEMK1
ENSG00000181513	ACBD4
ENSG00000130304	SLC27A1
ENSG00000272316	NA
ENSG00000104946	TBC1D17
ENSG00000269680	NA
ENSG00000186994	KANK3
ENSG00000225670	CADM3-AS1
ENSG00000180902	D2HGDH
ENSG00000243679	NA
ENSG00000108799	EZH1
ENSG00000272491	NA
ENSG00000050426	LETMD1
ENSG00000224660	SH3BP5-AS1
ENSG00000267169	ADGRL1-AS1
ENSG00000241404	EGFL8
ENSG00000235351	NA
ENSG00000013441	CLK1
ENSG00000100836	PABPN1
ENSG00000229180	RABGEF1P1
ENSG00000234500	NA
ENSG00000149451	ADAM33
ENSG00000011426	ANLN
ENSG00000269352	PTOV1-AS2
ENSG00000272927	NA
ENSG00000270060	NA
ENSG00000099326	MZF1
ENSG00000255142	NA
ENSG00000258559	NA
ENSG00000238105	GOLGA2P5
ENSG00000277494	GPIHBP1
ENSG00000101883	RHOXF1
ENSG00000272836	NA
ENSG00000204311	PJVK
ENSG00000051009	FHIP1B
ENSG00000271918	NA
ENSG00000227372	GFOD3P
ENSG00000257621	PSMA3-AS1
ENSG00000259407	NA
ENSG00000281005	LINC00921
ENSG00000184113	CLDN5
ENSG00000167874	TMEM88
ENSG00000108474	PIGL
ENSG00000265511	NA
ENSG00000072778	ACADVL
ENSG00000053702	NRIP2
ENSG00000267419	ZNF56P
ENSG00000243696	NA
ENSG00000139190	VAMP1
ENSG00000204172	AGAP9
ENSG00000128595	CALU
ENSG00000169592	INO80E
ENSG00000123349	PFDN5
ENSG00000184381	PLA2G6
ENSG00000196275	GTF2IRD2
ENSG00000185986	SDHAP3
ENSG00000225828	FAM229A
ENSG00000061273	HDAC7
ENSG00000226849	NA
ENSG00000278784	NA
ENSG00000272501	NA
ENSG00000148343	MIGA2
ENSG00000171817	ZNF540
ENSG00000204403	CASP12
ENSG00000106404	CLDN15
ENSG00000284773	NA
ENSG00000249087	ZNF436-AS1
ENSG00000283297	TEX52
ENSG00000177666	PNPLA2
ENSG00000110455	ACCS
ENSG00000271259	NA
ENSG00000226005	LINC02660
ENSG00000232859	LYRM9
ENSG00000251576	LINC01267
ENSG00000178028	DMAP1
ENSG00000276136	NA
ENSG00000011021	CLCN6
ENSG00000255920	CCND2-AS1
ENSG00000197766	CFD
ENSG00000162241	SLC25A45
ENSG00000267244	LOC100288123
ENSG00000157306	ZFHX2-AS1
ENSG00000228486	C2orf92
ENSG00000285410	GABPB1-IT1
ENSG00000221883	ARIH2OS
ENSG00000220205	VAMP2
ENSG00000287620	LOC105377035
ENSG00000178188	SH2B1
ENSG00000269044	NA
ENSG00000286430	NA
ENSG00000276365	MIR145
ENSG00000205482	SPDYE18
ENSG00000224032	EPB41L4A-AS1
ENSG00000186715	MST1L
ENSG00000161835	TAMALIN
ENSG00000168874	ATOH8
ENSG00000244119	PDCL3P4
ENSG00000142046	TMEM91
ENSG00000115274	INO80B
ENSG00000245556	SCAMP1-AS1
ENSG00000239697	TNFSF12
ENSG00000286699	NA
ENSG00000215252	GOLGA8B
ENSG00000126214	KLC1
ENSG00000166762	CATSPER2
ENSG00000214787	MS4A4E
ENSG00000009724	MASP2
ENSG00000139597	N4BP2L1
ENSG00000197245	FAM110D
ENSG00000140543	DET1
ENSG00000122971	ACADS
ENSG00000214140	PRCD
ENSG00000134072	CAMK1
ENSG00000237489	C10orf143
ENSG00000165804	ZNF219
ENSG00000131797	CLUHP3
ENSG00000168395	ING5
ENSG00000107829	FBXW4
ENSG00000247287	PRKCH-AS1
ENSG00000127415	IDUA
ENSG00000104957	YJU2B
ENSG00000168010	ATG16L2
ENSG00000228315	GUSBP11
ENSG00000277744	NA
ENSG00000152154	TMEM178A
ENSG00000272849	NA
ENSG00000279861	NA
ENSG00000068745	IP6K2
ENSG00000162572	SCNN1D
ENSG00000095059	DHPS
ENSG00000243970	PPIEL
ENSG00000283031	NA
ENSG00000205959	NA
ENSG00000266904	LINC00663
ENSG00000206149	HERC2P9
ENSG00000243477	NAA80
ENSG00000230415	LINC01786
ENSG00000161649	CD300LG
ENSG00000219200	RNASEK
ENSG00000137225	CAPN11
ENSG00000269958	NA
ENSG00000235257	ITGA9-AS1
ENSG00000168852	TPTE2P5
ENSG00000244560	NA
ENSG00000242294	STAG3L5P
ENSG00000117425	PTCH2
ENSG00000187609	EXD3
ENSG00000184271	POU6F1
ENSG00000230715	NA
ENSG00000105662	CRTC1
ENSG00000132522	GPS2
ENSG00000136878	USP20
ENSG00000258682	NA
ENSG00000244480	NA
ENSG00000288663	NA
ENSG00000213139	CRYGS
ENSG00000273183	NA
ENSG00000159733	ZFYVE28
ENSG00000150977	RILPL2
ENSG00000160271	RALGDS
ENSG00000266896	NA
ENSG00000058453	CROCC
ENSG00000168826	ZBTB49
ENSG00000198089	SFI1
ENSG00000095066	HOOK2
ENSG00000261326	LINC01355
ENSG00000123933	MXD4
ENSG00000171962	DRC3
ENSG00000189129	PLAC9
ENSG00000213088	ACKR1
ENSG00000105227	PRX
ENSG00000262580	NA
ENSG00000139636	LMBR1L
ENSG00000165197	VEGFD
ENSG00000099840	IZUMO4
ENSG00000110025	SNX15
ENSG00000105792	CFAP69
ENSG00000254505	CHMP4A
ENSG00000179818	PCBP1-AS1
ENSG00000241684	ADAMTS9-AS2
ENSG00000214765	SEPTIN7P2
ENSG00000259658	UBE2Q2P13
ENSG00000164088	PPM1M
ENSG00000286724	NA
ENSG00000126218	F10
ENSG00000265996	MIR3671
ENSG00000243431	RPL5P30
ENSG00000174428	GTF2IRD2B
ENSG00000088992	TESC
ENSG00000102796	DHRS12
ENSG00000185291	IL3RA
ENSG00000273188	NA
ENSG00000184465	WDR27
ENSG00000269929	MIRLET7A1HG
ENSG00000267082	DOCK6-AS1
ENSG00000213316	LTC4S
ENSG00000267838	NA
ENSG00000197776	KLHDC1
ENSG00000160953	PWWP3A
ENSG00000285051	SLC7A14-AS1
ENSG00000261485	PAN3-AS1
ENSG00000239704	CDRT4
ENSG00000168497	CAVIN2
ENSG00000178971	CTC1
ENSG00000136003	ISCU
ENSG00000248592	STIMATE-MUSTN1
ENSG00000250397	NA
ENSG00000281538	NA
ENSG00000008226	DLEC1
ENSG00000220785	MTMR9LP
ENSG00000227544	LINC03013
ENSG00000256508	MRGPRF-AS1
ENSG00000274925	ZKSCAN2-DT
ENSG00000248445	SEMA6A-AS1
ENSG00000142082	SIRT3
ENSG00000161960	EIF4A1
ENSG00000277631	PGM5P3-AS1
ENSG00000168079	SCARA5
ENSG00000275152	CCL16
ENSG00000041880	PARP3
ENSG00000272040	NA
ENSG00000164007	CLDN19
ENSG00000100068	LRP5L
ENSG00000117724	CENPF
ENSG00000258311	NA
ENSG00000099365	STX1B
ENSG00000275888	NA
ENSG00000258646	NA
ENSG00000165028	NIPSNAP3B
ENSG00000274659	LINC02371
ENSG00000170222	ADPRM
ENSG00000244055	NA
ENSG00000180139	ACTA2-AS1
ENSG00000236871	LINC00106
ENSG00000174680	GRIK1-AS1
ENSG00000106479	ZNF862
ENSG00000285589	NA
ENSG00000149090	PAMR1
ENSG00000241769	EOLA1-DT
ENSG00000120049	KCNIP2
ENSG00000176248	ANAPC2
ENSG00000166432	ZMAT1
ENSG00000270091	NA
ENSG00000276148	NA
ENSG00000223745	CCDC18-AS1
ENSG00000226696	LENG8-AS1
ENSG00000160323	ADAMTS13
ENSG00000144579	CTDSP1
ENSG00000005379	TSPOAP1
ENSG00000204305	AGER
ENSG00000187942	LDLRAD2
ENSG00000267532	ALOX12-AS1
ENSG00000145386	CCNA2
ENSG00000278112	NA
ENSG00000285938	BCL6-AS1
ENSG00000226252	NA
ENSG00000181035	SLC25A42
ENSG00000272153	NA
ENSG00000162461	SLC25A34
ENSG00000236017	ASMTL-AS1
ENSG00000227782	NA
ENSG00000129197	RPAIN
ENSG00000259236	GOLGA8VP
ENSG00000273148	LCDR
ENSG00000274105	NA
ENSG00000185271	KLHL33
ENSG00000285728	NA
ENSG00000215041	NEURL4
ENSG00000169607	CKAP2L
ENSG00000206417	H1-10-AS1
ENSG00000149527	PLCH2
ENSG00000090006	LTBP4
ENSG00000272506	NA
ENSG00000214783	NA
ENSG00000164406	LEAP2
ENSG00000247092	SNHG10
ENSG00000168096	ANKS3
ENSG00000169660	HEXD
ENSG00000168060	NAALADL1
ENSG00000179335	CLK3
ENSG00000182481	KPNA2
ENSG00000241644	INMT
ENSG00000268230	NA
ENSG00000155275	TRMT44
ENSG00000274403	NA
ENSG00000100813	ACIN1
ENSG00000283787	PRR33
ENSG00000183378	OVCH2
ENSG00000274341	NA
ENSG00000232653	GOLGA8N
ENSG00000197536	CARINH
ENSG00000237840	WASHC2FP
ENSG00000163815	CLEC3B
ENSG00000100802	C14orf93
ENSG00000214548	MEG3
ENSG00000254536	NA
ENSG00000132635	PCED1A
ENSG00000111077	TNS2
ENSG00000259081	NA
ENSG00000162231	NXF1
ENSG00000168477	TNXB
ENSG00000286067	NA
ENSG00000224066	IQCC-AS1
ENSG00000263990	NA
ENSG00000240038	AMY2B
ENSG00000148204	CRB2
ENSG00000185522	LMNTD2
ENSG00000225398	PGM5P4
ENSG00000266967	AARSD1
ENSG00000148773	MKI67
ENSG00000225057	NA
ENSG00000245812	LINC02202
ENSG00000288033	NA
ENSG00000114346	ECT2
ENSG00000280239	NA
ENSG00000120458	MSANTD2
ENSG00000235505	CASP4LP
ENSG00000281026	N4BP2L2-IT2
ENSG00000231160	KLF3-AS1
ENSG00000167553	TUBA1C
ENSG00000248994	LOC124901165
ENSG00000286214	COPG2IT1
ENSG00000010319	SEMA3G
ENSG00000285752	CDC42-AS1
ENSG00000200356	RNU6-833P
ENSG00000280739	ENTPD3-AS1
ENSG00000169682	SPNS1
ENSG00000179094	PER1
ENSG00000215067	NA
ENSG00000088325	TPX2
ENSG00000286977	NA
ENSG00000149575	SCN2B
ENSG00000170209	ANKK1
ENSG00000249494	DMXL1-DT
ENSG00000085563	ABCB1
ENSG00000151376	ME3
ENSG00000272645	GTF2IP20
ENSG00000178977	LINC00324
ENSG00000154832	CXXC1
ENSG00000268189	NA
ENSG00000213398	LCAT
ENSG00000272374	SCUBE3-AS1
ENSG00000163239	TDRD10
ENSG00000272078	NA
ENSG00000059122	FLYWCH1
ENSG00000188747	NOXA1
ENSG00000272752	STAG3L5P-PVRIG2P-PILRB
ENSG00000177098	SCN4B
ENSG00000258727	AP1G2-AS1
ENSG00000260645	NA
ENSG00000135437	RDH5
ENSG00000238164	TNFRSF14-AS1
ENSG00000104983	CCDC61
ENSG00000279457	WASH9P
ENSG00000089847	ANKRD24
ENSG00000138180	CEP55
ENSG00000164050	PLXNB1
ENSG00000168237	GLYCTK
ENSG00000138071	ACTR2
ENSG00000228401	LNCEGFL7OS
ENSG00000177363	LRRN4CL
ENSG00000180264	ADGRD2
ENSG00000262370	NA
ENSG00000267221	C17orf113
ENSG00000186642	PDE2A
ENSG00000255122	NA
ENSG00000119725	ZNF410
ENSG00000224713	NA
ENSG00000223442	TH2LCRR
ENSG00000134884	ARGLU1
ENSG00000169679	BUB1
ENSG00000159788	RGS12
ENSG00000144504	ANKMY1
ENSG00000277959	NA
ENSG00000120471	TP53AIP1
ENSG00000189157	FAM47E
ENSG00000182873	PRKCZ-AS1
ENSG00000255284	GATD1-DT
ENSG00000169964	TMEM42
ENSG00000166333	ILK
ENSG00000179523	EIF3J-DT
ENSG00000166960	CCDC178
ENSG00000204681	GABBR1
ENSG00000262089	NA
ENSG00000184205	TSPYL2
ENSG00000183401	CCDC159
ENSG00000177042	TMEM80
ENSG00000157782	CABP1
ENSG00000166436	TRIM66
ENSG00000267395	DM1-AS
ENSG00000234290	NA
ENSG00000101447	FAM83D
ENSG00000187800	PEAR1
ENSG00000102878	HSF4
ENSG00000265972	TXNIP
ENSG00000238260	NA
ENSG00000197816	CCDC180
ENSG00000274987	NA
ENSG00000066279	ASPM
ENSG00000156970	BUB1B
ENSG00000283445	NA
ENSG00000257354	MIRLET7IHG
ENSG00000267769	NA
ENSG00000280362	NA
ENSG00000258498	DIO3OS
ENSG00000154134	ROBO3
ENSG00000126787	DLGAP5
ENSG00000127419	TMEM175
ENSG00000254910	NA
ENSG00000250602	NA
ENSG00000280339	NA
ENSG00000177595	PIDD1
ENSG00000226179	LINC00685
ENSG00000090889	KIF4A
ENSG00000137812	KNL1
ENSG00000231246	LINC02884
ENSG00000286975	NA
ENSG00000132424	PNISR
ENSG00000104549	SQLE
ENSG00000244754	N4BP2L2
ENSG00000183718	TRIM52
ENSG00000203876	ADD3-AS1
ENSG00000271553	NA
ENSG00000215788	TNFRSF25
ENSG00000279088	LOC124902453
ENSG00000164048	ZNF589
ENSG00000163827	LRRC2
ENSG00000144134	RABL2A
ENSG00000234936	NA
ENSG00000130517	PGPEP1
ENSG00000258302	NA
ENSG00000167434	CA4
ENSG00000136240	KDELR2
ENSG00000131747	TOP2A
ENSG00000267543	NA
ENSG00000090554	FLT3LG
ENSG00000177943	MAMDC4
ENSG00000007392	LUC7L
ENSG00000241014	GPR199P
ENSG00000260773	NA
ENSG00000100276	RASL10A
ENSG00000276550	HERC2P2
ENSG00000180660	MAB21L1
ENSG00000240654	C1QTNF9
ENSG00000286018	NA
ENSG00000078596	ITM2A
ENSG00000280077	NA
ENSG00000108829	LRRC59
ENSG00000154258	ABCA9
ENSG00000094914	AAAS
ENSG00000112984	KIF20A
ENSG00000227388	NA
ENSG00000224934	GOT1-DT
ENSG00000272161	NA
ENSG00000245025	RHOBTB2-AS1
ENSG00000171241	SHCBP1
ENSG00000240053	LY6G5B
ENSG00000147576	ADHFE1
ENSG00000248124	RRN3P1
ENSG00000120500	ARR3
ENSG00000204314	PRRT1
ENSG00000135424	ITGA7
ENSG00000125503	PPP1R12C
ENSG00000262115	NA
ENSG00000259321	NA
ENSG00000270012	NA
ENSG00000196605	ZNF846
ENSG00000142751	GPN2
ENSG00000229413	NA
ENSG00000260296	NA
ENSG00000237080	EHMT2-AS1
ENSG00000233382	NKAPP1
ENSG00000116151	MORN1
ENSG00000259972	NA
ENSG00000129968	ABHD17A
ENSG00000081791	DELE1
ENSG00000254901	BORCS8
ENSG00000223823	LINC01342
ENSG00000102144	PGK1
ENSG00000285719	NA
ENSG00000164736	SOX17
ENSG00000257303	CNPY2-AS1
ENSG00000079435	LIPE
ENSG00000106105	GARS1
ENSG00000102904	TSNAXIP1
ENSG00000286757	NA
ENSG00000260236	PTPN23-DT
ENSG00000223878	PPIAP53
ENSG00000279330	NA
ENSG00000187260	WDR86
ENSG00000250305	TRMT9B
ENSG00000204653	ASPDH
ENSG00000122641	INHBA
ENSG00000225950	NTF4
ENSG00000126790	L3HYPDH
ENSG00000261067	NA
ENSG00000273432	NA
ENSG00000166343	MSS51
ENSG00000269609	C10orf95-AS1
ENSG00000214176	PLEKHM1P1
ENSG00000260729	NA
ENSG00000181234	TMEM132C
ENSG00000121671	CRY2
ENSG00000197976	AKAP17A
ENSG00000121897	LIAS
ENSG00000275413	NA
ENSG00000204065	TCEAL5
ENSG00000228526	MIR34AHG
ENSG00000248019	FAM13A-AS1
ENSG00000267370	NA
ENSG00000233006	MIR3936HG
ENSG00000276772	NA
ENSG00000182087	TMEM259
ENSG00000284602	NA
ENSG00000287356	LOC124903824
ENSG00000117614	SYF2
ENSG00000168026	TTC21A
ENSG00000197530	MIB2
ENSG00000132716	DCAF8
ENSG00000123243	ITIH5
ENSG00000273402	NA
ENSG00000245532	NEAT1
ENSG00000251474	RPL32P3
ENSG00000254996	ANKHD1-EIF4EBP3
ENSG00000260105	AOC4P
ENSG00000213203	GIMAP1
ENSG00000229246	LINC00377
ENSG00000269947	NA
ENSG00000207251	RNU6-342P
ENSG00000205593	DENND6B
ENSG00000156298	TSPAN7
ENSG00000266053	NDUFV2-AS1
ENSG00000041988	THAP3
ENSG00000285416	NA
ENSG00000273771	NA
ENSG00000099889	ARVCF
ENSG00000260563	NA
ENSG00000138778	CENPE
ENSG00000024526	DEPDC1
ENSG00000163660	CCNL1
ENSG00000064300	NGFR
ENSG00000273007	NA
ENSG00000258315	BACC1
ENSG00000158286	RNF207
ENSG00000285830	NA
ENSG00000267454	ZNF582-DT
ENSG00000279203	NA
ENSG00000278989	NA
ENSG00000163884	KLF15
ENSG00000207864	MIR27B
ENSG00000269896	NA
ENSG00000120832	MTERF2
ENSG00000118193	KIF14
ENSG00000168490	PHYHIP
ENSG00000159433	STARD9
ENSG00000230303	NA
ENSG00000109805	NCAPG
ENSG00000004776	HSPB6
ENSG00000213015	ZNF580
ENSG00000171462	DLK2
ENSG00000167280	ENGASE
ENSG00000185596	WASH3P
ENSG00000213339	QTRT1
ENSG00000198520	ARMH1
ENSG00000214279	SCART1
ENSG00000167779	IGFBP6
ENSG00000254419	NA
ENSG00000101349	PAK5
ENSG00000189045	ANKDD1B
ENSG00000260669	NA
ENSG00000250654	NA
ENSG00000260572	PPM1L-DT
ENSG00000255153	TOLLIP-DT
ENSG00000086598	TMED2
ENSG00000234465	PINLYP
ENSG00000078814	MYH7B
ENSG00000255191	NA
ENSG00000267710	EDDM13
ENSG00000153902	LGI4
ENSG00000277715	NA
ENSG00000205560	CPT1B
ENSG00000187824	TMEM220
ENSG00000229659	RPL26P6
ENSG00000235194	PPP1R3E
ENSG00000162148	SAXO4
ENSG00000197054	ZNF763
ENSG00000148341	SH3GLB2
ENSG00000139914	FITM1
ENSG00000264176	MAGOH2P
ENSG00000270179	NA
ENSG00000269113	TRABD2B
ENSG00000230747	NA
ENSG00000221817	PPP3CB-AS1
ENSG00000279716	NA
ENSG00000132005	RFX1
ENSG00000263072	ZNF213-AS1
ENSG00000118046	STK11
ENSG00000235904	RBMS3-AS3
ENSG00000236859	NIFK-AS1
ENSG00000115233	PSMD14
ENSG00000005102	MEOX1
ENSG00000279382	NA
ENSG00000139734	DIAPH3
ENSG00000170889	RPS9
ENSG00000102001	CACNA1F
ENSG00000247970	NA
ENSG00000257509	NA
ENSG00000268836	NA
ENSG00000197119	SLC25A29
ENSG00000143224	PPOX
ENSG00000287261	HPS1-AS1
ENSG00000104413	ESRP1
ENSG00000175773	ZBTB44-DT
ENSG00000247572	CKMT2-AS1
ENSG00000263164	NA
ENSG00000271858	LOC101928965
ENSG00000061936	SFSWAP
ENSG00000286808	NA
ENSG00000010318	PHF7
ENSG00000279066	HEXD-IT1
ENSG00000283635	NA
ENSG00000119943	PYROXD2
ENSG00000005206	SPPL2B
ENSG00000231170	PDK4-AS1
ENSG00000186056	MATN1-AS1
ENSG00000181404	WASHC1
ENSG00000185513	L3MBTL1
ENSG00000133392	MYH11
ENSG00000251661	IFITM3-AS1
ENSG00000053438	NNAT
ENSG00000242252	BGLAP
ENSG00000240291	CACNB2-AS1
ENSG00000178947	SMIM10L2A
ENSG00000037042	TUBG2
ENSG00000198547	C20orf203
ENSG00000167676	PLIN4
ENSG00000196295	GARS1-DT
ENSG00000138160	KIF11
ENSG00000279026	NA
ENSG00000132879	FBXO44
ENSG00000286584	NA
ENSG00000185324	CDK10
ENSG00000061938	TNK2
ENSG00000106351	AGFG2
ENSG00000270164	LINC01480
ENSG00000101280	ANGPT4
ENSG00000203993	ARRDC1-AS1
ENSG00000087586	AURKA
ENSG00000141338	ABCA8
ENSG00000281974	NA
ENSG00000104129	DNAJC17
ENSG00000105248	YJU2
ENSG00000231711	LINC00899
ENSG00000254676	NA
ENSG00000244879	GABPB1-AS1
ENSG00000198932	GPRASP1
ENSG00000163354	DCST2
ENSG00000142765	SYTL1
ENSG00000166819	PLIN1
ENSG00000287063	NA
ENSG00000132199	ENOSF1
ENSG00000113407	TARS1
ENSG00000165269	AQP7
ENSG00000197182	MIRLET7BHG
ENSG00000198563	DDX39B
ENSG00000113520	IL4
ENSG00000165792	METTL17
ENSG00000259577	CERNA1
ENSG00000230224	PHB1P9
ENSG00000267594	CYP4F24P
ENSG00000166839	ANKDD1A
ENSG00000288598	LOC105370174
ENSG00000008311	AASS
ENSG00000068028	RASSF1
ENSG00000137807	KIF23
ENSG00000232934	NA
ENSG00000232079	LINC01697
ENSG00000205790	DPP9-AS1
ENSG00000076555	ACACB
ENSG00000184481	FOXO4
ENSG00000280039	RN7SKP23
ENSG00000109906	ZBTB16
ENSG00000136936	XPA
ENSG00000233766	CAVIN2-AS1
ENSG00000115705	TPO
ENSG00000176054	RPL23P2
ENSG00000239282	CASTOR1
ENSG00000129535	NRL
ENSG00000090238	YPEL3
ENSG00000261794	GOLGA8H
ENSG00000235602	POU5F1P3
ENSG00000197769	MAP1LC3C
ENSG00000254815	LMNTD2-AS1
ENSG00000165121	NA
ENSG00000175265	GOLGA8A
ENSG00000215912	TTC34
ENSG00000161800	RACGAP1
ENSG00000245958	SEPTIN7P14
ENSG00000233967	NA
ENSG00000010310	GIPR
ENSG00000272368	NA
ENSG00000161558	TMEM143
ENSG00000165819	METTL3
ENSG00000142330	CAPN10
ENSG00000175287	PHYHD1
ENSG00000258515	NA
ENSG00000115414	FN1
ENSG00000137731	FXYD2
ENSG00000231154	MORF4L2-AS1
ENSG00000274515	NA
ENSG00000262692	NA
ENSG00000188626	GOLGA8M
ENSG00000287115	LINC02993
ENSG00000279583	NA
ENSG00000270016	NA
ENSG00000232186	TERF1P7
ENSG00000224479	CDHR18P
ENSG00000207554	MIR647
ENSG00000267114	NA
ENSG00000257511	LOC100420981
ENSG00000185031	SLC2A3P2
ENSG00000175206	NPPA
ENSG00000165879	FRAT1
ENSG00000267680	ZNF224
ENSG00000272256	NA
ENSG00000173692	PSMD1
ENSG00000165304	MELK
ENSG00000108381	ASPA
ENSG00000162367	TAL1
ENSG00000248334	WHAMMP2
ENSG00000117640	MTFR1L
ENSG00000202533	Y_RNA
ENSG00000148399	DPH7
ENSG00000152578	GRIA4
ENSG00000178734	LMO7DN
ENSG00000146469	VIP
ENSG00000171848	RRM2
ENSG00000268204	NA
ENSG00000232354	VIPR1-AS1
ENSG00000237529	NA
ENSG00000183807	FAM162B
ENSG00000235033	DAAM2-AS1
ENSG00000124615	MOCS1
ENSG00000119147	ECRG4
ENSG00000273987	NA
ENSG00000254862	LGR4-AS1
ENSG00000265939	UBE2CP2
ENSG00000102384	CENPI
ENSG00000281560	LSINCT5
ENSG00000233325	MIPEPP3
ENSG00000218510	LINC00339
ENSG00000101331	CCM2L
ENSG00000203588	IGBP1-AS1
ENSG00000286289	LOC107984270
ENSG00000180354	MTURN
ENSG00000266524	GDF10
ENSG00000165275	TRMT10B
ENSG00000262877	NA
ENSG00000206530	CFAP44
ENSG00000174788	PCP2
ENSG00000171680	PLEKHG5
ENSG00000270441	LAMB2P1
ENSG00000155256	ZFYVE27
ENSG00000234459	NA
ENSG00000235245	NA
ENSG00000234546	LNCTAM34A
ENSG00000073169	SELENOO
ENSG00000092094	OSGEP
ENSG00000142961	MOB3C
ENSG00000204623	POLR1HASP
ENSG00000179796	LRRC3B
ENSG00000189057	FAM111B
ENSG00000225914	HCG23
ENSG00000206561	COLQ
ENSG00000185149	NPY2R
ENSG00000272141	NA
ENSG00000130522	JUND
ENSG00000197332	ZNF833P
ENSG00000280332	NA
ENSG00000171853	TRAPPC12
ENSG00000170236	USP50
ENSG00000254847	NA
ENSG00000184619	KRABD2
ENSG00000186815	TPCN1
ENSG00000122547	EEPD1
ENSG00000206344	HCG27
ENSG00000108465	CDK5RAP3
ENSG00000260751	NA
ENSG00000268279	NA
ENSG00000107021	TBC1D13
ENSG00000149499	EML3
ENSG00000104936	DMPK
ENSG00000117650	NEK2
ENSG00000152117	SMPD4BP
ENSG00000177685	CRACR2B
ENSG00000158863	FHIP2B
ENSG00000272734	ADIRF-AS1
ENSG00000187288	CIDEC
ENSG00000271816	BMS1P4
ENSG00000150753	CCT5
ENSG00000142102	PGGHG
ENSG00000268287	NA
ENSG00000115257	PCSK4
ENSG00000180914	OXTR
ENSG00000198624	CCDC69
ENSG00000263126	NA
ENSG00000287652	NA
ENSG00000271871	NA
ENSG00000095464	PDE6C
ENSG00000132535	DLG4
ENSG00000155287	SLC25A28
ENSG00000286721	NA
ENSG00000147439	BIN3
ENSG00000009950	MLXIPL
ENSG00000148814	LRRC27
ENSG00000204444	APOM
ENSG00000117245	KIF17
ENSG00000227495	KIF1C-AS1
ENSG00000198826	ARHGAP11A
ENSG00000230590	FTX
ENSG00000250903	GMDS-DT
ENSG00000163431	LMOD1
ENSG00000275120	LOC105370947
ENSG00000198939	ZFP2
ENSG00000229901	FOXO6-AS1
ENSG00000241218	CSP2
ENSG00000140955	ADAD2
ENSG00000092098	RNF31
ENSG00000247828	TMEM161B-DT
ENSG00000127528	KLF2
ENSG00000268743	NA
ENSG00000180376	CCDC66
ENSG00000204161	TMEM273
ENSG00000188542	DUSP28
ENSG00000267481	NA
ENSG00000159714	ZDHHC1
ENSG00000270049	ATP6V0D1-DT
ENSG00000274471	NA
ENSG00000130254	SAFB2
ENSG00000184811	TRARG1
ENSG00000088970	KIZ
ENSG00000188234	AGAP4
ENSG00000248309	MEF2C-AS1
ENSG00000185883	ATP6V0C
ENSG00000100288	CHKB
ENSG00000250538	NPY2R-AS1
ENSG00000164924	YWHAZ
ENSG00000271967	NA
ENSG00000272668	LOC124904434
ENSG00000278867	NA
ENSG00000185485	SDHAP1
ENSG00000196611	MMP1
ENSG00000156042	CFAP70
ENSG00000167641	PPP1R14A
ENSG00000068976	PYGM
ENSG00000143476	DTL
ENSG00000072163	LIMS2
ENSG00000279425	NA
ENSG00000271788	NA
ENSG00000135722	FBXL8
ENSG00000174371	EXO1
ENSG00000171773	NXNL1
ENSG00000011243	AKAP8L
ENSG00000163687	DNASE1L3
ENSG00000258199	NA
ENSG00000269736	NA
ENSG00000199161	MIR126
ENSG00000172650	AGAP5
ENSG00000213983	AP1G2
ENSG00000224975	INE1
ENSG00000154065	ANKRD29
ENSG00000136932	TRMO
ENSG00000136628	EPRS1
ENSG00000059145	UNKL
ENSG00000167671	UBXN6
ENSG00000152952	PLOD2
ENSG00000260306	NA
ENSG00000115091	ACTR3
ENSG00000237641	RPL28P2
ENSG00000234409	CCDC188
ENSG00000276842	NA
ENSG00000137960	GIPC2
ENSG00000260778	MIR3677HG
ENSG00000253200	NA
ENSG00000197930	ERO1A
ENSG00000125122	FBXL9P
ENSG00000233429	HOTAIRM1
ENSG00000182397	DNM1P46
ENSG00000151303	AGAP11
ENSG00000178605	GTPBP6
ENSG00000237886	NALT1
ENSG00000273015	LINC00938
ENSG00000103510	KAT8
ENSG00000260425	NA
ENSG00000177133	LOC124903827
ENSG00000122085	MTERF4
ENSG00000265678	NA
ENSG00000136114	THSD1
ENSG00000088543	C3orf18
ENSG00000234353	NA
ENSG00000155666	KDM8
ENSG00000254860	TMEM9B-AS1
ENSG00000072571	HMMR
ENSG00000279873	LINC01126
ENSG00000170037	CNTROB
ENSG00000164109	MAD2L1
ENSG00000228327	NA
ENSG00000204301	NOTCH4
ENSG00000196843	ARID5A
ENSG00000154099	DNAAF1
ENSG00000277173	NA
ENSG00000140043	PTGR2
ENSG00000167113	COQ4
ENSG00000130023	ERMARD
ENSG00000254855	KLC2-AS1
ENSG00000177352	CCDC71
ENSG00000174282	ZBTB4
ENSG00000258301	NA
ENSG00000164530	PI16
ENSG00000222020	HDAC4-AS1
ENSG00000148384	INPP5E
ENSG00000083838	ZNF446
ENSG00000168936	TMEM129
ENSG00000163507	CIP2A
ENSG00000254042	SLIT3-AS2
ENSG00000284707	NA
ENSG00000284664	NA
ENSG00000243289	AGAP13P
ENSG00000252410	RNU5B-3P
ENSG00000107521	HPS1
ENSG00000138834	MAPK8IP3
ENSG00000262097	LINC02185
ENSG00000136731	UGGT1
ENSG00000167604	NFKBID
ENSG00000248489	LOC100289230
ENSG00000261505	NA
ENSG00000181227	DLSTP1
ENSG00000165349	SLC7A3
ENSG00000142233	NTN5
ENSG00000259935	NA
ENSG00000108509	CAMTA2
ENSG00000182179	UBA7
ENSG00000248275	TRIM52-AS1
ENSG00000106511	MEOX2
ENSG00000135205	CCDC146
ENSG00000248367	LOC124901151
ENSG00000273142	LINC02604
ENSG00000164849	GPR146
ENSG00000164946	FREM1
ENSG00000196381	ZNF781
ENSG00000101049	SGK2
ENSG00000074660	SCARF1
ENSG00000145708	CRHBP
ENSG00000100060	MFNG
ENSG00000065029	ZNF76
ENSG00000270344	POC1B-AS1
ENSG00000234418	NA
ENSG00000225891	LOC124903883
ENSG00000286190	SMIM48
ENSG00000268938	NA
ENSG00000170917	NUDT6
ENSG00000258708	SLC25A21-AS1
ENSG00000257489	NA
ENSG00000157456	CCNB2
ENSG00000122678	POLM
ENSG00000144655	CSRNP1
ENSG00000272084	NA
ENSG00000272758	WDR5B-DT
ENSG00000233016	SNHG7
ENSG00000147119	CHST7
ENSG00000232912	RERE-AS1
ENSG00000119771	KLHL29
ENSG00000243708	PLA2G4B
ENSG00000273249	WDR5-DT
ENSG00000091592	NLRP1
ENSG00000068831	RASGRP2
ENSG00000260051	NA
ENSG00000276668	NA
ENSG00000167588	GPD1
ENSG00000010361	FUZ
ENSG00000068489	PRR11
ENSG00000280254	NA
ENSG00000091704	CPA1
ENSG00000100100	PIK3IP1
ENSG00000270953	NA
ENSG00000168517	HEXIM2
ENSG00000228791	THRB-AS1
ENSG00000256249	NA
ENSG00000188242	SLC9A3-OT1
ENSG00000284237	LINC02767
ENSG00000112742	TTK
ENSG00000267871	ZNF460-AS1
ENSG00000146063	TRIM41
ENSG00000213801	ZNF321P
ENSG00000139625	MAP3K12
ENSG00000271367	NA
ENSG00000136883	KIF12
ENSG00000186399	GOLGA8R
ENSG00000221970	OR2A1
ENSG00000176533	GNG7
ENSG00000188828	GLRA4
ENSG00000234062	TM9SF5P
ENSG00000260060	NA
ENSG00000140326	CDAN1
ENSG00000234771	SLC25A25-AS1
ENSG00000144182	LIPT1
ENSG00000114857	NKTR
ENSG00000230530	LIMD1-AS1
ENSG00000180509	KCNE1
ENSG00000169228	RAB24
ENSG00000233483	EFCAB15P
ENSG00000105643	ARRDC2
ENSG00000135469	COQ10A
ENSG00000121577	POPDC2
ENSG00000123473	STIL
ENSG00000188315	C3orf62
ENSG00000160447	PKN3
ENSG00000108924	HLF
ENSG00000129596	CDO1
ENSG00000255495	NA
ENSG00000280378	NA
ENSG00000266601	NA
ENSG00000246339	EXTL3-AS1
ENSG00000275454	NA
ENSG00000186871	ERCC6L
ENSG00000235316	DUSP8P5
ENSG00000255410	NA
ENSG00000227719	NA
ENSG00000138380	CARF
ENSG00000285886	LOC124901671
ENSG00000006025	OSBPL7
ENSG00000272143	FGF14-AS2
ENSG00000105298	CACTIN
ENSG00000095370	SH2D3C
ENSG00000180096	SEPTIN1
ENSG00000207242	RNU6-1065P
ENSG00000278970	HEIH
ENSG00000132622	HSPA12B
ENSG00000271993	NA
ENSG00000179406	LINC00174
ENSG00000267121	FMNL1-DT
ENSG00000232344	LOC100419436
ENSG00000204316	MRPL38
ENSG00000274292	NA
ENSG00000108001	EBF3
ENSG00000196544	BORCS6
ENSG00000105647	PIK3R2
ENSG00000271964	NA
ENSG00000159214	CCDC24
ENSG00000164134	NAA15
ENSG00000228139	NA
ENSG00000114812	VIPR1
ENSG00000284640	LOC105378644
ENSG00000119559	C19orf25
ENSG00000235703	EOLA2-DT
ENSG00000126561	STAT5A
ENSG00000173218	VANGL1
ENSG00000261656	BEAN1-AS1
ENSG00000278783	MIR6071
ENSG00000135473	PAN2
ENSG00000196616	ADH1B
ENSG00000213186	TRIM59
ENSG00000147121	KRABD4
ENSG00000259840	NA
ENSG00000153446	C16orf89
ENSG00000186532	SMYD4
ENSG00000196118	CFAP119
ENSG00000022976	ZNF839
ENSG00000222990	RNU4-22P
ENSG00000224525	NA
ENSG00000285943	SPICE1-CFAP44
ENSG00000213777	VN1R103P
ENSG00000214413	BBIP1
ENSG00000273674	NA
ENSG00000251247	ZNF345
ENSG00000286764	NA
ENSG00000279278	NA
ENSG00000250692	NA
ENSG00000203392	NA
ENSG00000214439	FAM185BP
ENSG00000230537	LOC105379829
ENSG00000279611	NA
ENSG00000103264	FBXO31
ENSG00000169249	ZRSR2
ENSG00000139908	TSSK4
ENSG00000270562	FOXP1-DT
ENSG00000284691	LOC728743
ENSG00000231943	LOC124906859
ENSG00000278058	LOC101928230
ENSG00000231007	CDC20P1
ENSG00000121644	DESI2
ENSG00000201499	RNU6-312P
ENSG00000278600	NA
ENSG00000255585	NA
ENSG00000105996	HOXA2
ENSG00000134057	CCNB1
ENSG00000277135	NA
ENSG00000232593	KANTR
ENSG00000242028	HYPK
ENSG00000284657	NA
ENSG00000247982	LINC00926
ENSG00000271730	NA
ENSG00000214941	ZSWIM7
ENSG00000113593	PPWD1
ENSG00000113119	TMCO6
ENSG00000139679	LPAR6
ENSG00000197561	ELANE
ENSG00000225938	S1PR1-DT
ENSG00000270605	NA
ENSG00000163516	ANKZF1
ENSG00000138069	RAB1A
ENSG00000225039	LINC01058
ENSG00000133250	ZNF414
ENSG00000277270	LOC105372703
ENSG00000249249	TICAM2-AS1
ENSG00000113810	SMC4
ENSG00000160799	CCDC12
ENSG00000122543	OCM
ENSG00000154144	TBRG1
ENSG00000255237	NA
ENSG00000267361	SEC24AP1
ENSG00000184432	COPB2
ENSG00000236411	NDUFAF4P3
ENSG00000160445	ZER1
ENSG00000276289	LOC102723475
ENSG00000274422	NA
ENSG00000235963	MCCD1P1
ENSG00000157379	DHRS1
ENSG00000259826	CDK13-DT
ENSG00000106686	SPATA6L
ENSG00000099251	HSD17B7P2
ENSG00000206991	RNU6-610P
ENSG00000230795	HLA-K
ENSG00000250959	GLUD1P3
ENSG00000197558	SSPOP
ENSG00000158805	ZNF276
ENSG00000166793	YPEL4
ENSG00000174175	SELP
ENSG00000147113	DIPK2B
ENSG00000134333	LDHA
ENSG00000223403	MEG9
ENSG00000174171	LOC105370792
ENSG00000119608	PROX2
ENSG00000148824	MTG1
ENSG00000104960	PTOV1
ENSG00000229809	ZNF688
ENSG00000261766	NA
ENSG00000149823	VPS51
ENSG00000177045	SIX5
ENSG00000280211	NA
ENSG00000114779	ABHD14B
ENSG00000109674	NEIL3
ENSG00000126215	XRCC3
ENSG00000065717	TLE2
ENSG00000272732	NA
ENSG00000142655	PEX14
ENSG00000105443	CYTH2
ENSG00000137802	MAPKBP1
ENSG00000172987	HPSE2
ENSG00000169252	ADRB2
ENSG00000259030	FPGT-TNNI3K
ENSG00000013297	CLDN11
ENSG00000279204	NA
ENSG00000225470	JPX
ENSG00000258424	NA
ENSG00000189269	DRICH1
ENSG00000169093	ASMTL
ENSG00000287104	NA
ENSG00000176476	SGF29
ENSG00000170667	RASA4B
ENSG00000128709	HOXD9
ENSG00000167740	CYB5D2
ENSG00000102010	BMX
ENSG00000162384	CZIB
ENSG00000251050	RBX1P2
ENSG00000275484	NA
ENSG00000089685	BIRC5
ENSG00000235687	LINC00993
ENSG00000272669	NA
ENSG00000108515	ENO3
ENSG00000146021	KLHL3
ENSG00000102901	CENPT
ENSG00000169885	CALML6
ENSG00000071539	TRIP13
ENSG00000162526	TSSK3
ENSG00000243323	PTPRVP
ENSG00000223705	NSUN5P1
ENSG00000279700	NA
ENSG00000261351	NA
ENSG00000286647	LOC124900989
ENSG00000257285	PRMT5-DT
ENSG00000213904	LIPE-AS1
ENSG00000276728	NA
ENSG00000177427	MIEF2
ENSG00000100316	RPL3
ENSG00000101940	WDR13
ENSG00000272733	NA
ENSG00000267519	MIR23AHG
ENSG00000169418	NPR1
ENSG00000171163	ZNF692
ENSG00000142784	WDTC1
ENSG00000241489	NA
ENSG00000166313	APBB1
ENSG00000272420	NA
ENSG00000198844	ARHGEF15
ENSG00000118705	RPN2
ENSG00000175221	MED16
ENSG00000104883	PEX11G
ENSG00000268970	NA
ENSG00000215097	NA
ENSG00000231956	HNRNPA1P9
ENSG00000185480	PARPBP
ENSG00000205702	LOC105377203
ENSG00000168071	CCDC88B
ENSG00000147174	GCNA
ENSG00000144867	SRPRB
ENSG00000224505	HEXIM2-AS1
ENSG00000103168	TAF1C
ENSG00000251323	LINC02728
ENSG00000103199	ZNF500
ENSG00000188706	ZDHHC9
ENSG00000222046	DCDC2B
ENSG00000166321	NUDT13
ENSG00000078487	ZCWPW1
ENSG00000272650	NA
ENSG00000124205	EDN3
ENSG00000029559	IBSP
ENSG00000137871	ZNF280D
ENSG00000101605	MYOM1
ENSG00000235706	DICER1-AS1
ENSG00000236200	KDM4A-AS1
ENSG00000176155	CCDC57
ENSG00000272240	NA
ENSG00000267898	NA
ENSG00000025434	NR1H3
ENSG00000072274	TFRC
ENSG00000143994	ABHD1
ENSG00000188649	CC2D2B
ENSG00000287146	NA
ENSG00000197768	STPG3
ENSG00000243406	MRPS31P5
ENSG00000131831	RAI2
ENSG00000170469	SPATA24
ENSG00000173757	STAT5B
ENSG00000260947	NA
ENSG00000233762	RPS15P4
ENSG00000104903	LYL1
ENSG00000287917	LOC105369344
ENSG00000102125	TAFAZZIN
ENSG00000187266	EPOR
ENSG00000152475	ZNF837
ENSG00000113569	NUP155
ENSG00000174326	SLC16A11
ENSG00000244753	RPL15P21
ENSG00000229122	AGBL5-IT1
ENSG00000162373	BEND5
ENSG00000140104	CLBA1
ENSG00000251411	ARPC1AP4
ENSG00000102543	CDADC1
ENSG00000153291	SLC25A27
ENSG00000198976	MIR429
ENSG00000227492	CHUK-DT
ENSG00000168065	SLC22A11
ENSG00000123485	HJURP
ENSG00000274501	NA
ENSG00000273373	NA
ENSG00000283141	LINC02666
ENSG00000269894	NA
ENSG00000236901	MIR600HG
ENSG00000197948	FCHSD1
ENSG00000233250	NA
ENSG00000159388	BTG2
ENSG00000259883	EHD4-AS1
ENSG00000259605	NA
ENSG00000101104	PABPC1L
ENSG00000230838	LINC01614
ENSG00000150594	ADRA2A
ENSG00000203761	MSTO2P
ENSG00000154330	PGM5
ENSG00000159648	SPMIP8
ENSG00000269893	SNHG8
ENSG00000280486	NA
ENSG00000176435	CLEC14A
ENSG00000253988	NA
ENSG00000065328	MCM10
ENSG00000254192	NA
ENSG00000244945	RUFY1-AS1
ENSG00000177989	CIMAP1B
ENSG00000261468	NA
ENSG00000237441	RGL2
ENSG00000251364	SYT9-AS1
ENSG00000207563	MIR23B
ENSG00000232470	NA
ENSG00000203727	SAMD5
ENSG00000174456	C12orf76
ENSG00000268030	NA
ENSG00000130997	POLN
ENSG00000230953	NA
ENSG00000173258	ZNF483
ENSG00000224420	ADM5
ENSG00000264057	NA
ENSG00000128563	PRKRIP1
ENSG00000125931	CITED1
ENSG00000116194	ANGPTL1
ENSG00000124783	SSR1
ENSG00000101938	CHRDL1
ENSG00000196329	GIMAP5
ENSG00000138018	SELENOI
ENSG00000253982	CLN8-AS1
ENSG00000205231	TTLL10-AS1
ENSG00000229519	NA
ENSG00000199906	RNU5B-2P
ENSG00000096093	EFHC1
ENSG00000141504	SAT2
ENSG00000170312	CDK1
ENSG00000166482	MFAP4
ENSG00000124143	ARHGAP40
ENSG00000163535	SGO2
ENSG00000136108	CKAP2
ENSG00000161281	COX7A1
ENSG00000199804	RNA5SP383
ENSG00000119431	HDHD3
ENSG00000261474	NA
ENSG00000164845	FAM86FP
ENSG00000148690	FRA10AC1
ENSG00000153253	SCN3A
ENSG00000277687	NA
ENSG00000226029	LINC01772
ENSG00000179388	EGR3
ENSG00000169609	C15orf40
ENSG00000267299	RFX2-AS2
ENSG00000280073	NA
ENSG00000287617	NA
ENSG00000261187	NA
ENSG00000164283	ESM1
ENSG00000182979	MTA1
ENSG00000203709	MIR29B2CHG
ENSG00000269918	NA
ENSG00000172046	USP19
ENSG00000262155	LINC02175
ENSG00000157110	RBPMS
ENSG00000137033	IL33
ENSG00000108839	ALOX12
ENSG00000255389	NA
ENSG00000037757	MRI1
ENSG00000131477	RAMP2
ENSG00000157796	WDR19
ENSG00000183549	ACSM5
ENSG00000060718	COL11A1
ENSG00000213145	CRIP1
ENSG00000182196	ARL6IP4
ENSG00000186501	TMEM222
ENSG00000130595	TNNT3
ENSG00000259877	ZNF778-DT
ENSG00000148218	ALAD
ENSG00000121621	KIF18A
ENSG00000004799	PDK4
ENSG00000270589	NA
ENSG00000262179	MYMX
ENSG00000169871	TRIM56
ENSG00000189134	NKAPL
ENSG00000285804	NA
ENSG00000100526	CDKN3
ENSG00000006062	MAP3K14
ENSG00000258441	LINC00641
ENSG00000165684	SNAPC4
ENSG00000286555	NA
ENSG00000179532	DNHD1
ENSG00000256576	LINC02361
ENSG00000277050	NA
ENSG00000163072	NOSTRIN
ENSG00000066855	MTFR1
ENSG00000232284	GNG12-AS1
ENSG00000222448	RN7SKP150
ENSG00000125846	ZNF133
ENSG00000026036	RTEL1-TNFRSF6B
ENSG00000271032	NA
ENSG00000105072	C19orf44
ENSG00000261094	NA
ENSG00000179144	GIMAP7
ENSG00000284968	NA
ENSG00000273733	NA
ENSG00000228393	NA
ENSG00000272034	SNORD14A
ENSG00000166428	PLD4
ENSG00000255545	B3GAT1-DT
ENSG00000130222	GADD45G
ENSG00000235618	FAM21EP
ENSG00000229393	NA
ENSG00000198728	LDB1
ENSG00000276291	FRG1HP
ENSG00000271880	NA
ENSG00000269243	HSH2D-AS1
ENSG00000214100	PLAC9P1
ENSG00000276768	NA
ENSG00000139354	GAS2L3
ENSG00000267002	NA
ENSG00000254413	CHKB-CPT1B
ENSG00000203667	COX20
ENSG00000121579	NAA50
ENSG00000175063	UBE2C
ENSG00000278133	NA
ENSG00000198870	STKLD1
ENSG00000170989	S1PR1
ENSG00000233547	NA
ENSG00000231584	FAHD2CP
ENSG00000179743	SPEN-AS1
ENSG00000164039	BDH2
ENSG00000212807	OR2A42
ENSG00000166451	CENPN
ENSG00000204177	BMS1P1
ENSG00000260183	NA
ENSG00000269439	PGLS-DT
ENSG00000285799	NA
ENSG00000184601	C14orf180
ENSG00000203364	NA
ENSG00000287692	NA
ENSG00000235513	L3MBTL2-AS1
ENSG00000163157	TMOD4
ENSG00000214578	HMGN2P15
ENSG00000099999	RNF215
ENSG00000229873	OGFR-AS1
ENSG00000137098	SPAG8
ENSG00000227946	INO80D-AS1
ENSG00000108785	HSD17B1P1
ENSG00000260793	NA
ENSG00000114388	NPRL2
ENSG00000286787	NA
ENSG00000178809	TRIM73
ENSG00000267206	LCN6
ENSG00000223923	TNS1-AS1
ENSG00000263327	TAPT1-AS1
ENSG00000213903	LTB4R
ENSG00000249476	LOC285638
ENSG00000269293	ZSCAN16-AS1
ENSG00000207607	MIR200A
ENSG00000123810	B9D2
ENSG00000189283	FHIT
ENSG00000257108	NHLRC4
ENSG00000225889	NA
ENSG00000262304	NA
ENSG00000148053	NTRK2
ENSG00000224387	NA
ENSG00000181778	TMEM252
ENSG00000253177	LOC101926956
ENSG00000132561	MATN2
ENSG00000165474	GJB2
ENSG00000162997	PRORSD1P
ENSG00000248508	SRP14-DT
ENSG00000144230	GPR17
ENSG00000137877	SPTBN5
ENSG00000219222	RPL12P47
ENSG00000185432	TMT1A
ENSG00000078549	ADCYAP1R1
ENSG00000259088	NA
ENSG00000279520	NA
ENSG00000077157	PPP1R12B
ENSG00000186432	KPNA4
ENSG00000267322	SNHG22
ENSG00000148248	SURF4
ENSG00000163794	UCN
ENSG00000151650	VENTX
ENSG00000271737	NA
ENSG00000133243	BTBD2
ENSG00000256667	KLRA1P
ENSG00000223704	NA
ENSG00000089820	ARHGAP4
ENSG00000099864	PALM
ENSG00000174365	SNHG11
ENSG00000121152	NCAPH
ENSG00000140527	WDR93
ENSG00000166851	PLK1
ENSG00000213213	CCDC183
ENSG00000172935	MRGPRF
ENSG00000129204	USP6
ENSG00000111275	ALDH2
ENSG00000255021	NA
ENSG00000174013	FBXO45
ENSG00000207342	Y_RNA
ENSG00000083814	ZNF671
ENSG00000283647	NA
ENSG00000145217	SLC26A1
ENSG00000185917	SETD4
ENSG00000130045	NXNL2
ENSG00000188032	C19orf67
ENSG00000229660	NA
ENSG00000244274	DBNDD2
ENSG00000244932	IFT122P2
ENSG00000241343	RPL36A
ENSG00000165801	ARHGEF40
ENSG00000273899	NOL12
ENSG00000249915	PDCD6
ENSG00000260473	NA
ENSG00000278156	TSC22D1-AS1
ENSG00000107816	LZTS2
ENSG00000172006	ZNF554
ENSG00000163655	GMPS
ENSG00000100106	TRIOBP
ENSG00000181789	COPG1
ENSG00000269858	EGLN2
ENSG00000258443	NA
ENSG00000227540	NA
ENSG00000273448	NA
ENSG00000260279	LOC105371414
ENSG00000185267	CDNF
ENSG00000281490	CICP14
ENSG00000196998	WDR45
ENSG00000100034	PPM1F
ENSG00000214063	TSPAN4
ENSG00000228162	NA
ENSG00000130176	CNN1
ENSG00000183722	LHFPL6
ENSG00000139675	HNRNPA1L2
ENSG00000226239	NA
ENSG00000280214	NA
ENSG00000100201	DDX17
ENSG00000286488	NA
ENSG00000265917	MIR3685
ENSG00000147162	OGT
ENSG00000091640	SPAG7
ENSG00000235079	ZRANB2-AS1
ENSG00000257176	FAR2-AS1
ENSG00000170323	FABP4
ENSG00000127743	IL17B
ENSG00000240731	NA
ENSG00000232444	NA
ENSG00000076924	XAB2
ENSG00000258942	NA
ENSG00000167766	ZNF83
ENSG00000234884	GRK3-AS1
ENSG00000279799	NA
ENSG00000269148	SYMPK-AS1
ENSG00000124207	CSE1L
ENSG00000113273	ARSB
ENSG00000176438	SYNE3
ENSG00000168591	TMUB2
ENSG00000096063	SRPK1
ENSG00000126062	TMEM115
ENSG00000064201	TSPAN32
ENSG00000170291	ELP5
ENSG00000170604	IRF2BP1
ENSG00000239367	RN7SL477P
ENSG00000002016	RAD52
ENSG00000245317	MRNIP-DT
ENSG00000094804	CDC6
ENSG00000111206	FOXM1
ENSG00000084733	RAB10
ENSG00000228748	NA
ENSG00000184575	XPOT
ENSG00000274560	NA
ENSG00000182685	BRICD5
ENSG00000185837	HDHD5-AS1
ENSG00000134690	CDCA8
ENSG00000286482	NA
ENSG00000259660	DNM1P47
ENSG00000139540	SLC39A5
ENSG00000172954	LCLAT1
ENSG00000107872	FBXL15
ENSG00000234471	NA
ENSG00000162706	CADM3
ENSG00000043143	JADE2
ENSG00000226706	LOC101928525
ENSG00000063176	SPHK2
ENSG00000171320	ESCO2
ENSG00000069702	TGFBR3
ENSG00000234396	NA
ENSG00000120915	EPHX2
ENSG00000162267	ITIH3
ENSG00000248916	NUP210P3
ENSG00000163795	ZNF513
ENSG00000232070	TMEM253
ENSG00000166275	BORCS7
ENSG00000156802	ATAD2
ENSG00000128016	ZFP36
ENSG00000231177	LINC00852
ENSG00000179921	GPBAR1
ENSG00000170509	HSD17B13
ENSG00000250971	NA
ENSG00000261671	NA
ENSG00000262700	LOC100421173
ENSG00000184661	CDCA2
ENSG00000250608	NUDT16-DT
ENSG00000204778	ZNG1DP
ENSG00000277288	LINC02881
ENSG00000275549	STPG3-AS1
ENSG00000155970	MICU3
ENSG00000276141	WHAMMP3
ENSG00000204227	RING1
ENSG00000163902	RPN1
ENSG00000147118	ZNF182
ENSG00000279118	NA
ENSG00000092009	CMA1
ENSG00000268670	NA
ENSG00000270055	NA
ENSG00000080986	NDC80
ENSG00000196668	LINC00173
ENSG00000273437	NA
ENSG00000262855	NA
ENSG00000203865	ATP1A1-AS1
ENSG00000168993	CPLX1
ENSG00000213131	YWHAZP4
ENSG00000105705	SUGP1
ENSG00000274460	NA
ENSG00000242861	NA
ENSG00000116809	ZBTB17
ENSG00000272588	NA
ENSG00000065911	MTHFD2
ENSG00000203286	Metazoa_SRP
ENSG00000157150	TIMP4
ENSG00000185946	RNPC3
ENSG00000237612	NA
ENSG00000269656	NOP53-AS1
ENSG00000129219	PLD2
ENSG00000279587	NA
ENSG00000122884	P4HA1
ENSG00000284954	LOC100507547
ENSG00000164587	RPS14
ENSG00000223374	NA
ENSG00000272148	NA
ENSG00000115163	CENPA
ENSG00000279452	NA
ENSG00000186105	LRRC70
ENSG00000142541	RPL13A
ENSG00000271265	NA
ENSG00000230587	LOC107985876
ENSG00000130811	EIF3G
ENSG00000261592	NA
ENSG00000232611	NA
ENSG00000092853	CLSPN
ENSG00000204136	GGTA1
ENSG00000224318	CHL1-AS2
ENSG00000167302	TEPSIN
ENSG00000224429	LINC00539
ENSG00000174697	LEP
ENSG00000229312	LOC124902178
ENSG00000019102	VSIG2
ENSG00000249679	NA
ENSG00000237037	NDUFA6-DT
ENSG00000128596	CCDC136
ENSG00000213519	RPL36P7
ENSG00000285796	NA
ENSG00000124074	ENKD1
ENSG00000136011	STAB2
ENSG00000152795	HNRNPDL
ENSG00000241370	RPP21
ENSG00000272578	GUSBP11
ENSG00000275612	NA
ENSG00000076928	ARHGEF1
ENSG00000264772	NA
ENSG00000281404	LINC01176
ENSG00000183458	PKD1P3
ENSG00000267834	NA
ENSG00000179859	RNF227
ENSG00000058262	SEC61A1
ENSG00000243659	NA
ENSG00000288548	NA
ENSG00000287148	LINCADL
ENSG00000247373	TMED2-DT
