Gene	Pearson_r	abs_r
ENSG00000245849.8	0.6972567204874955	0.6972567204874955
ENSG00000246922.9	0.685483071960822	0.685483071960822
ENSG00000100650.16	0.6844689118687947	0.6844689118687947
ENSG00000235016.1	0.6734861510793192	0.6734861510793192
ENSG00000079337.16	0.6617021484203172	0.6617021484203172
ENSG00000140398.14	0.6599272688423127	0.6599272688423127
ENSG00000273729.1	0.654002568729832	0.654002568729832
ENSG00000146067.16	0.6517256767764877	0.6517256767764877
ENSG00000121310.17	0.6502407002315983	0.6502407002315983
ENSG00000075826.17	0.6458251512708952	0.6458251512708952
ENSG00000266714.9	0.6453256909615372	0.6453256909615372
ENSG00000115459.18	0.6415408237267157	0.6415408237267157
ENSG00000113971.20	0.6405804487043579	0.6405804487043579
ENSG00000261879.7	0.6405701462040339	0.6405701462040339
ENSG00000010322.16	0.6400141367739608	0.6400141367739608
ENSG00000100307.13	0.6395488699491969	0.6395488699491969
ENSG00000175309.15	0.6389243668523943	0.6389243668523943
ENSG00000271895.2	0.638428425553648	0.638428425553648
ENSG00000146556.14	0.6367265816004326	0.6367265816004326
ENSG00000168970.22	0.6364306647410672	0.6364306647410672
ENSG00000166337.10	0.6362853414431766	0.6362853414431766
ENSG00000173209.23	0.6359603952607353	0.6359603952607353
ENSG00000167615.17	0.6345748480530373	0.6345748480530373
ENSG00000003756.17	0.631597343107349	0.631597343107349
ENSG00000137070.18	0.6301092661170575	0.6301092661170575
ENSG00000139631.19	0.6279809549064986	0.6279809549064986
ENSG00000161010.15	0.6277476176088718	0.6277476176088718
ENSG00000113108.19	0.6254029551751513	0.6254029551751513
ENSG00000212694.8	0.6250632477061787	0.6250632477061787
ENSG00000158062.20	0.6239899642398935	0.6239899642398935
ENSG00000186301.8	0.6232153091268225	0.6232153091268225
ENSG00000140400.17	0.6210013969904343	0.6210013969904343
ENSG00000269054.2	0.6184589491903106	0.6184589491903106
ENSG00000130307.12	0.6177174776460126	0.6177174776460126
ENSG00000004534.15	0.6174720799206516	0.6174720799206516
ENSG00000119688.21	0.6174429054986768	0.6174429054986768
ENSG00000154263.17	0.6170474002086377	0.6170474002086377
ENSG00000080947.15	0.6166229800124771	0.6166229800124771
ENSG00000012822.16	0.6165379109955721	0.6165379109955721
ENSG00000221978.12	0.6164426997120627	0.6164426997120627
ENSG00000276409.5	0.6157165233295842	0.6157165233295842
ENSG00000099622.14	0.6152327149364695	0.6152327149364695
ENSG00000215908.10	0.6132889412153059	0.6132889412153059
ENSG00000226891.9	0.6130415857019726	0.6130415857019726
ENSG00000146830.11	0.6091360572791346	0.6091360572791346
ENSG00000130653.16	0.60910462965208	0.60910462965208
ENSG00000163093.12	0.6062372382429958	0.6062372382429958
ENSG00000239779.7	0.6057317315533511	0.6057317315533511
ENSG00000105373.19	0.6050347961994988	0.6050347961994988
ENSG00000133624.13	0.6047261829329711	0.6047261829329711
ENSG00000109063.15	0.6038269409688537	0.6038269409688537
ENSG00000128159.12	0.6037107746857359	0.6037107746857359
ENSG00000228242.6	0.602855215709783	0.602855215709783
ENSG00000104852.15	0.6026771998874381	0.6026771998874381
ENSG00000267281.2	0.6024852520915155	0.6024852520915155
ENSG00000263345.1	0.6024788152817551	0.6024788152817551
ENSG00000280927.1	0.6020709026211835	0.6020709026211835
ENSG00000173531.15	0.6017051596628155	0.6017051596628155
ENSG00000196689.12	0.6015897114462309	0.6015897114462309
ENSG00000136059.14	0.6012606690826733	0.6012606690826733
ENSG00000114841.17	0.6010637957210683	0.6010637957210683
ENSG00000165810.17	0.6007842670743504	0.6007842670743504
ENSG00000130518.17	0.600681541667053	0.600681541667053
ENSG00000215375.6	0.5996585547734752	0.5996585547734752
ENSG00000141258.13	0.5996285862622192	0.5996285862622192
ENSG00000213366.13	0.5982254835654729	0.5982254835654729
ENSG00000279833.1	0.5972197295741243	0.5972197295741243
ENSG00000271327.1	0.5969479323033711	0.5969479323033711
ENSG00000225032.5	0.5955712385390869	0.5955712385390869
ENSG00000182796.14	0.5952238137770205	0.5952238137770205
ENSG00000263272.1	0.5950498926433436	0.5950498926433436
ENSG00000141295.14	0.5936679473137196	0.5936679473137196
ENSG00000257270.1	0.5926187949898352	0.5926187949898352
ENSG00000104859.15	0.5919347467265484	0.5919347467265484
ENSG00000249669.10	0.5918483156482733	0.5918483156482733
ENSG00000112511.18	0.5912371773802192	0.5912371773802192
ENSG00000186166.9	0.5911548516012671	0.5911548516012671
ENSG00000260911.2	0.591024608902663	0.591024608902663
ENSG00000157873.17	0.5906762032214867	0.5906762032214867
ENSG00000126895.15	0.5897516202287514	0.5897516202287514
ENSG00000113240.13	0.5896839331961842	0.5896839331961842
ENSG00000114626.18	0.5893238738636213	0.5893238738636213
ENSG00000166169.17	0.5891393564250433	0.5891393564250433
ENSG00000273137.1	0.5885742539002694	0.5885742539002694
ENSG00000204859.13	0.5872528581263428	0.5872528581263428
ENSG00000092529.25	0.586205679455153	0.586205679455153
ENSG00000117616.18	0.5855210529842528	0.5855210529842528
ENSG00000129467.14	0.5854444967276378	0.5854444967276378
ENSG00000100445.17	0.5853153154940436	0.5853153154940436
ENSG00000159761.15	0.5850560263190491	0.5850560263190491
ENSG00000214021.16	0.5842806096219076	0.5842806096219076
ENSG00000114735.10	0.5839178412881268	0.5839178412881268
ENSG00000181513.15	0.5836947578138783	0.5836947578138783
ENSG00000130304.17	0.581972680481888	0.581972680481888
ENSG00000272316.1	0.5811702427428374	0.5811702427428374
ENSG00000104946.13	0.5809240226793988	0.5809240226793988
ENSG00000269680.1	0.5803390932954983	0.5803390932954983
ENSG00000186994.11	0.5799563555448783	0.5799563555448783
ENSG00000225670.4	0.5797818953972237	0.5797818953972237
ENSG00000180902.18	0.5797817934513726	0.5797817934513726
ENSG00000243679.1	0.5794732856405973	0.5794732856405973
ENSG00000108799.13	0.579360287207762	0.579360287207762
ENSG00000272491.1	0.5793433311849608	0.5793433311849608
ENSG00000050426.16	0.5787342988820765	0.5787342988820765
ENSG00000224660.2	0.5784540779798977	0.5784540779798977
ENSG00000267169.2	0.5781351848682127	0.5781351848682127
ENSG00000241404.7	0.5779167468009047	0.5779167468009047
ENSG00000235351.1	0.5768798156495958	0.5768798156495958
ENSG00000013441.16	0.5768051453084235	0.5768051453084235
ENSG00000100836.10	0.575209521355152	0.575209521355152
ENSG00000229180.7	0.574897838121879	0.574897838121879
ENSG00000234500.1	0.574608465269537	0.574608465269537
ENSG00000149451.18	0.5742496159537867	0.5742496159537867
ENSG00000011426.11	-0.5737902665493306	0.5737902665493306
ENSG00000269352.1	0.5735405780609527	0.5735405780609527
ENSG00000272927.1	0.5734812876854765	0.5734812876854765
ENSG00000270060.1	0.5734178387815821	0.5734178387815821
ENSG00000099326.9	0.5730459346044853	0.5730459346044853
ENSG00000255142.1	0.5729613947074844	0.5729613947074844
ENSG00000258559.2	0.5716927365691893	0.5716927365691893
ENSG00000238105.7	0.5715238820941229	0.5715238820941229
ENSG00000277494.2	0.5709862966356999	0.5709862966356999
ENSG00000101883.5	0.5705832131723011	0.5705832131723011
ENSG00000272836.1	0.5704677935917374	0.5704677935917374
ENSG00000204311.15	0.5700054861837991	0.5700054861837991
ENSG00000051009.11	0.5699485469882304	0.5699485469882304
ENSG00000271918.1	0.5697367634820919	0.5697367634820919
ENSG00000227372.12	0.5686544479240816	0.5686544479240816
ENSG00000257621.8	0.5682520680699611	0.5682520680699611
ENSG00000259407.1	0.5674575971733936	0.5674575971733936
ENSG00000281005.1	0.565751336623465	0.565751336623465
ENSG00000184113.9	0.5647830949499133	0.5647830949499133
ENSG00000167874.7	0.564264755670517	0.564264755670517
ENSG00000108474.17	0.5639846464932612	0.5639846464932612
ENSG00000265511.1	0.5633375837671376	0.5633375837671376
ENSG00000072778.20	0.563119197662841	0.563119197662841
ENSG00000053702.15	0.5630801055276966	0.5630801055276966
ENSG00000267419.2	0.5624627594566434	0.5624627594566434
ENSG00000243696.5	0.5610863991245223	0.5610863991245223
ENSG00000139190.17	0.5609827380906284	0.5609827380906284
ENSG00000204172.12	0.5609795781209418	0.5609795781209418
ENSG00000128595.17	-0.5602765295880481	0.5602765295880481
ENSG00000169592.15	0.5599725184609452	0.5599725184609452
ENSG00000123349.15	0.5598061558447883	0.5598061558447883
ENSG00000184381.20	0.5594109991568713	0.5594109991568713
ENSG00000196275.14	0.559157920172345	0.559157920172345
ENSG00000185986.12	0.5590095306893176	0.5590095306893176
ENSG00000225828.1	0.5583611370475231	0.5583611370475231
ENSG00000061273.18	0.5579722152116686	0.5579722152116686
ENSG00000226849.1	0.5575291303090973	0.5575291303090973
ENSG00000278784.1	0.5574468085815418	0.5574468085815418
ENSG00000272501.1	0.5572795684131352	0.5572795684131352
ENSG00000148343.18	0.5571233882277804	0.5571233882277804
ENSG00000171817.17	0.5570074977352325	0.5570074977352325
ENSG00000204403.9	0.5566534109614091	0.5566534109614091
ENSG00000106404.14	0.5566208426399692	0.5566208426399692
ENSG00000284773.1	0.5563779440803146	0.5563779440803146
ENSG00000249087.7	0.5552824868378752	0.5552824868378752
ENSG00000283297.2	0.5549950633310838	0.5549950633310838
ENSG00000177666.17	0.5544716345007199	0.5544716345007199
ENSG00000110455.14	0.5542523246563663	0.5542523246563663
ENSG00000271259.1	0.5540294042420043	0.5540294042420043
ENSG00000226005.5	0.5535858858450272	0.5535858858450272
ENSG00000232859.10	0.5534296273756141	0.5534296273756141
ENSG00000251576.1	0.5525546271124806	0.5525546271124806
ENSG00000178028.14	0.5523393568639647	0.5523393568639647
ENSG00000276136.1	0.5522651663465618	0.5522651663465618
ENSG00000011021.23	0.5522466264710616	0.5522466264710616
ENSG00000255920.3	0.5521192360897608	0.5521192360897608
ENSG00000197766.8	0.5516950720683326	0.5516950720683326
ENSG00000162241.12	0.5516445726807852	0.5516445726807852
ENSG00000267244.5	0.5515680713580965	0.5515680713580965
ENSG00000157306.14	0.5514721208866102	0.5514721208866102
ENSG00000228486.10	0.5511934524027683	0.5511934524027683
ENSG00000285410.1	0.5511452103257056	0.5511452103257056
ENSG00000221883.4	0.5505429008985476	0.5505429008985476
ENSG00000220205.9	0.5504956905827859	0.5504956905827859
ENSG00000287620.1	0.5499374730337689	0.5499374730337689
ENSG00000178188.14	0.549711660087461	0.549711660087461
ENSG00000269044.2	0.5491666113101433	0.5491666113101433
ENSG00000286430.1	0.5491030534484067	0.5491030534484067
ENSG00000276365.1	0.5476925189083921	0.5476925189083921
ENSG00000205482.9	0.5472213538671102	0.5472213538671102
ENSG00000224032.7	0.5471304142500156	0.5471304142500156
ENSG00000186715.11	0.546922401616835	0.546922401616835
ENSG00000161835.11	0.5468890509999744	0.5468890509999744
ENSG00000168874.13	0.5464662702122923	0.5464662702122923
ENSG00000244119.1	0.5458099113805386	0.5458099113805386
ENSG00000142046.15	0.5458076463434001	0.5458076463434001
ENSG00000115274.15	0.5457094094520498	0.5457094094520498
ENSG00000245556.3	0.5446963799651404	0.5446963799651404
ENSG00000239697.11	0.5445737249709868	0.5445737249709868
ENSG00000286699.1	0.54433092533506	0.54433092533506
ENSG00000215252.11	0.5438855792380644	0.5438855792380644
ENSG00000126214.21	0.5438539597549875	0.5438539597549875
ENSG00000166762.19	0.543798603422675	0.543798603422675
ENSG00000214787.10	0.54365366599988	0.54365366599988
ENSG00000009724.17	0.5435939206880384	0.5435939206880384
ENSG00000139597.18	0.5434895688074597	0.5434895688074597
ENSG00000197245.6	0.5434535908943191	0.5434535908943191
ENSG00000140543.15	0.5434324167251537	0.5434324167251537
ENSG00000122971.9	0.5430566349240044	0.5430566349240044
ENSG00000214140.11	0.5428319393730564	0.5428319393730564
ENSG00000134072.11	0.542263179972936	0.542263179972936
ENSG00000237489.5	0.5419407474576872	0.5419407474576872
ENSG00000165804.16	0.5418527033535177	0.5418527033535177
ENSG00000131797.12	0.5416532729257075	0.5416532729257075
ENSG00000168395.16	0.5411608105677662	0.5411608105677662
ENSG00000107829.15	0.5408995675592942	0.5408995675592942
ENSG00000247287.3	0.5404453663008064	0.5404453663008064
ENSG00000127415.13	0.5403751753437551	0.5403751753437551
ENSG00000104957.14	0.540169826374796	0.540169826374796
ENSG00000168010.11	0.5399452141666442	0.5399452141666442
ENSG00000228315.12	0.5399280975271574	0.5399280975271574
ENSG00000277744.1	0.5398727583883147	0.5398727583883147
ENSG00000152154.11	0.5394018153223592	0.5394018153223592
ENSG00000272849.1	0.5387043307468398	0.5387043307468398
ENSG00000279861.1	0.5386149295315146	0.5386149295315146
ENSG00000068745.15	0.5377318471230693	0.5377318471230693
ENSG00000162572.21	0.5373416458539169	0.5373416458539169
ENSG00000095059.16	0.5363391044703109	0.5363391044703109
ENSG00000243970.3	0.5363085386677691	0.5363085386677691
ENSG00000283031.2	0.5354135747622013	0.5354135747622013
ENSG00000205959.4	0.5353205930598637	0.5353205930598637
ENSG00000266904.6	0.5352320214220693	0.5352320214220693
ENSG00000206149.10	0.5351544807928132	0.5351544807928132
ENSG00000243477.6	0.534849961653017	0.534849961653017
ENSG00000230415.1	0.5347061359586667	0.5347061359586667
ENSG00000161649.13	0.5340928212570423	0.5340928212570423
ENSG00000219200.12	0.5339760551073741	0.5339760551073741
ENSG00000137225.13	0.5336117811175596	0.5336117811175596
ENSG00000269958.1	0.5334162121483784	0.5334162121483784
ENSG00000235257.9	0.5330618640019894	0.5330618640019894
ENSG00000168852.13	0.5328573262680371	0.5328573262680371
ENSG00000244560.7	0.5328227340156586	0.5328227340156586
ENSG00000242294.6	0.5327427421538621	0.5327427421538621
ENSG00000117425.14	0.5327026642270767	0.5327026642270767
ENSG00000187609.16	0.5319940759506789	0.5319940759506789
ENSG00000184271.17	0.5319801282207227	0.5319801282207227
ENSG00000230715.3	0.5319729480312525	0.5319729480312525
ENSG00000105662.16	0.5317706250830152	0.5317706250830152
ENSG00000132522.16	0.531759955921522	0.531759955921522
ENSG00000136878.14	0.5314736356559147	0.5314736356559147
ENSG00000258682.1	0.5314706966726918	0.5314706966726918
ENSG00000244480.1	0.531441195940194	0.531441195940194
ENSG00000288663.1	0.5310265349749606	0.5310265349749606
ENSG00000213139.8	0.5309978162537989	0.5309978162537989
ENSG00000273183.1	0.5306174663770273	0.5306174663770273
ENSG00000159733.14	0.5304826888158978	0.5304826888158978
ENSG00000150977.10	0.5299366704405217	0.5299366704405217
ENSG00000160271.16	0.5293821682410035	0.5293821682410035
ENSG00000266896.1	0.5292024319048546	0.5292024319048546
ENSG00000058453.17	0.5288322938370277	0.5288322938370277
ENSG00000168826.16	0.5280684537035711	0.5280684537035711
ENSG00000198089.16	0.5279085945007813	0.5279085945007813
ENSG00000095066.12	0.5274768803882697	0.5274768803882697
ENSG00000261326.4	0.5273319224110848	0.5273319224110848
ENSG00000123933.17	0.5271795520206362	0.5271795520206362
ENSG00000171962.18	0.5269216684709482	0.5269216684709482
ENSG00000189129.14	0.5269049696369635	0.5269049696369635
ENSG00000213088.12	0.5268091240292219	0.5268091240292219
ENSG00000105227.16	0.5259547670889106	0.5259547670889106
ENSG00000262580.5	0.5258030236462733	0.5258030236462733
ENSG00000139636.15	0.5256041515039781	0.5256041515039781
ENSG00000165197.5	0.5254415290613565	0.5254415290613565
ENSG00000099840.14	0.5252663150553545	0.5252663150553545
ENSG00000110025.13	0.524923952068253	0.524923952068253
ENSG00000105792.19	0.5247799246650531	0.5247799246650531
ENSG00000254505.11	0.5247198029758257	0.5247198029758257
ENSG00000179818.14	0.5246652643633097	0.5246652643633097
ENSG00000241684.6	0.524599190277205	0.524599190277205
ENSG00000214765.8	0.524548637666489	0.524548637666489
ENSG00000259658.5	0.524460032665608	0.524460032665608
ENSG00000164088.18	0.5237109935747161	0.5237109935747161
ENSG00000286724.1	0.5237096719609139	0.5237096719609139
ENSG00000126218.12	0.5236249295786624	0.5236249295786624
ENSG00000265996.1	0.5234179520746354	0.5234179520746354
ENSG00000243431.1	0.5229762890799937	0.5229762890799937
ENSG00000174428.18	0.5227917749413857	0.5227917749413857
ENSG00000088992.18	0.5227364257973146	0.5227364257973146
ENSG00000102796.11	0.5226548433662488	0.5226548433662488
ENSG00000185291.12	0.5222064422891192	0.5222064422891192
ENSG00000273188.1	0.5221996561719006	0.5221996561719006
ENSG00000184465.16	0.5219529929734781	0.5219529929734781
ENSG00000269929.3	0.5218954090186478	0.5218954090186478
ENSG00000267082.1	0.5217970983428794	0.5217970983428794
ENSG00000213316.10	0.521650529519192	0.521650529519192
ENSG00000267838.2	0.5215027285717841	0.5215027285717841
ENSG00000197776.8	0.5214389987854506	0.5214389987854506
ENSG00000160953.16	0.5213430102507132	0.5213430102507132
ENSG00000285051.2	0.5212592519932406	0.5212592519932406
ENSG00000261485.1	0.5205920632267169	0.5205920632267169
ENSG00000239704.11	0.5204454412655052	0.5204454412655052
ENSG00000168497.5	0.5204420677035531	0.5204420677035531
ENSG00000178971.16	0.5203678127896175	0.5203678127896175
ENSG00000136003.16	0.5200660088120428	0.5200660088120428
ENSG00000248592.7	0.5200570202549232	0.5200570202549232
ENSG00000250397.2	0.520010503738751	0.520010503738751
ENSG00000281538.1	0.5196313148774191	0.5196313148774191
ENSG00000008226.20	0.519389793144966	0.519389793144966
ENSG00000220785.7	0.5193748103430459	0.5193748103430459
ENSG00000227544.10	0.5192821338365868	0.5192821338365868
ENSG00000256508.2	0.5192274304374851	0.5192274304374851
ENSG00000274925.1	0.5190642882585282	0.5190642882585282
ENSG00000248445.5	0.5189470156449892	0.5189470156449892
ENSG00000142082.15	0.518857690908184	0.518857690908184
ENSG00000161960.16	0.5185581746488104	0.5185581746488104
ENSG00000277631.5	0.5183471573212187	0.5183471573212187
ENSG00000168079.17	0.518240452566689	0.518240452566689
ENSG00000275152.5	0.5182099203587927	0.5182099203587927
ENSG00000041880.14	0.5180719488597283	0.5180719488597283
ENSG00000272040.1	0.5179223463395721	0.5179223463395721
ENSG00000164007.11	0.5178696992731694	0.5178696992731694
ENSG00000100068.13	0.5177490620191922	0.5177490620191922
ENSG00000117724.13	-0.5177012591323955	0.5177012591323955
ENSG00000258311.5	0.5175227500589569	0.5175227500589569
ENSG00000099365.11	0.5173459893585264	0.5173459893585264
ENSG00000275888.1	0.5169397726510316	0.5169397726510316
ENSG00000258646.1	0.516910122398783	0.516910122398783
ENSG00000165028.12	0.5165101299631701	0.5165101299631701
ENSG00000274659.2	0.5162781516799835	0.5162781516799835
ENSG00000170222.12	0.5157193096963935	0.5157193096963935
ENSG00000244055.2	0.5155366009888002	0.5155366009888002
ENSG00000180139.11	0.5154918421949494	0.5154918421949494
ENSG00000236871.7	0.515459421185298	0.515459421185298
ENSG00000174680.10	0.5152614198720281	0.5152614198720281
ENSG00000106479.11	0.5152382464747307	0.5152382464747307
ENSG00000285589.1	0.5151395286377134	0.5151395286377134
ENSG00000149090.12	0.5145380120623795	0.5145380120623795
ENSG00000241769.7	0.5144952199313922	0.5144952199313922
ENSG00000120049.20	0.5144229193728709	0.5144229193728709
ENSG00000176248.9	0.5143841434706194	0.5143841434706194
ENSG00000166432.15	0.514234003021045	0.514234003021045
ENSG00000270091.1	0.5141164673079957	0.5141164673079957
ENSG00000276148.1	0.5140658761082313	0.5140658761082313
ENSG00000223745.8	0.5140532416396206	0.5140532416396206
ENSG00000226696.6	0.5139175443710425	0.5139175443710425
ENSG00000160323.19	0.5138098015773945	0.5138098015773945
ENSG00000144579.8	0.5137188408258966	0.5137188408258966
ENSG00000005379.17	0.5136623401520725	0.5136623401520725
ENSG00000204305.14	0.5131500099633833	0.5131500099633833
ENSG00000187942.12	0.5126841414296908	0.5126841414296908
ENSG00000267532.5	0.51249644879066	0.51249644879066
ENSG00000145386.11	-0.5121462941769912	0.5121462941769912
ENSG00000278112.1	0.5120023939168311	0.5120023939168311
ENSG00000285938.1	0.5119275242170376	0.5119275242170376
ENSG00000226252.1	0.5119140820148856	0.5119140820148856
ENSG00000181035.14	0.5115534523698965	0.5115534523698965
ENSG00000272153.1	0.5114929724004972	0.5114929724004972
ENSG00000162461.8	0.5111568483076537	0.5111568483076537
ENSG00000236017.8	0.5110993016610069	0.5110993016610069
ENSG00000227782.2	0.511066574999233	0.511066574999233
ENSG00000129197.14	0.5109881272130167	0.5109881272130167
ENSG00000259236.1	0.5109624351311127	0.5109624351311127
ENSG00000273148.1	0.5109410884181023	0.5109410884181023
ENSG00000274105.1	0.5107722605547959	0.5107722605547959
ENSG00000185271.9	0.5106994899973037	0.5106994899973037
ENSG00000285728.2	0.5103957735222687	0.5103957735222687
ENSG00000215041.10	0.5103893439225012	0.5103893439225012
ENSG00000169607.13	-0.5101818301580989	0.5101818301580989
ENSG00000206417.8	0.5099341945293158	0.5099341945293158
ENSG00000149527.18	0.5099017341586404	0.5099017341586404
ENSG00000090006.18	0.5097057536393748	0.5097057536393748
ENSG00000272506.1	0.5096715390178512	0.5096715390178512
ENSG00000214783.9	0.5096665715955966	0.5096665715955966
ENSG00000164406.8	0.5093900911056032	0.5093900911056032
ENSG00000247092.7	0.5092029721586233	0.5092029721586233
ENSG00000168096.15	0.5085608111191772	0.5085608111191772
ENSG00000169660.17	0.5085536995929469	0.5085536995929469
ENSG00000168060.16	0.5084901669296202	0.5084901669296202
ENSG00000179335.18	0.5084453053541066	0.5084453053541066
ENSG00000182481.10	-0.5083837484332298	0.5083837484332298
ENSG00000241644.2	0.508260284906132	0.508260284906132
ENSG00000268230.5	0.5082537234064732	0.5082537234064732
ENSG00000155275.19	0.5080615369928191	0.5080615369928191
ENSG00000274403.1	0.5078949590843734	0.5078949590843734
ENSG00000100813.14	0.5077618770220431	0.5077618770220431
ENSG00000283787.2	0.5077607059733659	0.5077607059733659
ENSG00000183378.12	0.5075955990457197	0.5075955990457197
ENSG00000274341.1	0.5075853665974932	0.5075853665974932
ENSG00000232653.8	0.5074680209207302	0.5074680209207302
ENSG00000197536.11	0.507069527712916	0.507069527712916
ENSG00000237840.6	0.5068997970979027	0.5068997970979027
ENSG00000163815.6	0.5068046138663068	0.5068046138663068
ENSG00000100802.15	0.5064074821879179	0.5064074821879179
ENSG00000214548.18	0.5062571337833995	0.5062571337833995
ENSG00000254536.2	0.506194334012984	0.506194334012984
ENSG00000132635.17	0.5060246190398775	0.5060246190398775
ENSG00000111077.18	0.5059057209325272	0.5059057209325272
ENSG00000259081.1	0.5058063562638198	0.5058063562638198
ENSG00000162231.14	0.5053605087434585	0.5053605087434585
ENSG00000168477.19	0.5053139894973605	0.5053139894973605
ENSG00000286067.1	0.5046055443484614	0.5046055443484614
ENSG00000224066.1	0.5044972662413744	0.5044972662413744
ENSG00000263990.1	0.504478731033259	0.504478731033259
ENSG00000240038.6	0.5043952976335377	0.5043952976335377
ENSG00000148204.12	0.5043648572757122	0.5043648572757122
ENSG00000185522.9	0.5043030130089297	0.5043030130089297
ENSG00000225398.3	0.5041322540502884	0.5041322540502884
ENSG00000266967.7	0.5039969355560111	0.5039969355560111
ENSG00000148773.14	-0.5038361773861529	0.5038361773861529
ENSG00000225057.2	0.5035775059426757	0.5035775059426757
ENSG00000245812.3	0.5035590500092102	0.5035590500092102
ENSG00000288033.1	0.5033899817972839	0.5033899817972839
ENSG00000114346.14	-0.5032002544267394	0.5032002544267394
ENSG00000280239.1	0.5031848664395193	0.5031848664395193
ENSG00000120458.13	0.5028577875986233	0.5028577875986233
ENSG00000235505.7	0.5025631894422542	0.5025631894422542
ENSG00000281026.1	0.5025221287988485	0.5025221287988485
ENSG00000231160.10	0.502131400484933	0.502131400484933
ENSG00000167553.16	-0.5020581748541018	0.5020581748541018
ENSG00000248994.2	0.5019310227349786	0.5019310227349786
ENSG00000286214.1	0.5014807379702676	0.5014807379702676
ENSG00000010319.7	0.5014595227728907	0.5014595227728907
ENSG00000285752.1	0.5011022207117394	0.5011022207117394
ENSG00000200356.1	0.5008779481297498	0.5008779481297498
ENSG00000280739.3	0.5008334338452849	0.5008334338452849
ENSG00000169682.18	0.5007111795217284	0.5007111795217284
ENSG00000179094.16	0.5006794838787657	0.5006794838787657
ENSG00000215067.10	0.5005751605138328	0.5005751605138328
ENSG00000088325.16	-0.5004776663340004	0.5004776663340004
ENSG00000286977.1	0.4998409788788245	0.4998409788788245
ENSG00000149575.9	0.4995614188049608	0.4995614188049608
ENSG00000170209.5	0.4995414745787169	0.4995414745787169
ENSG00000249494.6	0.4993694894104084	0.4993694894104084
ENSG00000085563.15	0.4992935940559473	0.4992935940559473
ENSG00000151376.17	0.49922746370381843	0.49922746370381843
ENSG00000272645.3	0.49914792333135355	0.49914792333135355
ENSG00000178977.3	0.49907649896634165	0.49907649896634165
ENSG00000154832.15	0.49889787080548204	0.49889787080548204
ENSG00000268189.2	0.49873720231635055	0.49873720231635055
ENSG00000213398.8	0.4986813992110181	0.4986813992110181
ENSG00000272374.1	0.4983999700693596	0.4983999700693596
ENSG00000163239.12	0.49824365275799853	0.49824365275799853
ENSG00000272078.1	0.49802472279698584	0.49802472279698584
ENSG00000059122.17	0.4980042286004283	0.4980042286004283
ENSG00000188747.8	0.49786604909470533	0.49786604909470533
ENSG00000272752.6	0.4977276857435465	0.4977276857435465
ENSG00000177098.9	0.4977083640517887	0.4977083640517887
ENSG00000258727.1	0.4976248738251122	0.4976248738251122
ENSG00000260645.2	0.4975600242608973	0.4975600242608973
ENSG00000135437.10	0.49742155454638853	0.49742155454638853
ENSG00000238164.6	0.4972780415412858	0.4972780415412858
ENSG00000104983.8	0.49722801424406987	0.49722801424406987
ENSG00000279457.4	0.4971364229498679	0.4971364229498679
ENSG00000089847.12	0.49695827518022245	0.49695827518022245
ENSG00000138180.16	-0.4967952258097798	0.4967952258097798
ENSG00000164050.13	0.49666743723741946	0.49666743723741946
ENSG00000168237.18	0.49658128366432236	0.49658128366432236
ENSG00000138071.14	-0.49640958081914516	0.49640958081914516
ENSG00000228401.5	0.4963919084070163	0.4963919084070163
ENSG00000177363.5	0.4963401435195523	0.4963401435195523
ENSG00000180264.11	0.4963370633833104	0.4963370633833104
ENSG00000262370.6	0.49587082139626204	0.49587082139626204
ENSG00000267221.3	0.49579239412971626	0.49579239412971626
ENSG00000186642.16	0.4957203270405135	0.4957203270405135
ENSG00000255122.1	0.4956814880425109	0.4956814880425109
ENSG00000119725.20	0.4956564520872486	0.4956564520872486
ENSG00000224713.4	0.49536940130123674	0.49536940130123674
ENSG00000223442.1	0.49535565382097113	0.49535565382097113
ENSG00000134884.15	0.494875911946698	0.494875911946698
ENSG00000169679.15	-0.4948378000823231	0.4948378000823231
ENSG00000159788.19	0.4948161449862509	0.4948161449862509
ENSG00000144504.15	0.49460906027445917	0.49460906027445917
ENSG00000277959.1	0.4945717672579648	0.4945717672579648
ENSG00000120471.15	0.4944343000434104	0.4944343000434104
ENSG00000189157.14	0.49381486976715944	0.49381486976715944
ENSG00000182873.5	0.4937614102306828	0.4937614102306828
ENSG00000255284.2	0.49362732436096224	0.49362732436096224
ENSG00000169964.8	0.4934743167859186	0.4934743167859186
ENSG00000166333.14	0.49332786908567944	0.49332786908567944
ENSG00000179523.5	0.4932976410851901	0.4932976410851901
ENSG00000166960.16	0.4931748845428465	0.4931748845428465
ENSG00000204681.11	0.4930127749942534	0.4930127749942534
ENSG00000262089.1	0.49272517114050673	0.49272517114050673
ENSG00000184205.14	0.4925554816759514	0.4925554816759514
ENSG00000183401.12	0.49255312961910624	0.49255312961910624
ENSG00000177042.14	0.4924564743433366	0.4924564743433366
ENSG00000157782.9	0.49225324096859446	0.49225324096859446
ENSG00000166436.16	0.49207014726099896	0.49207014726099896
ENSG00000267395.5	0.4920082528721247	0.4920082528721247
ENSG00000234290.2	0.49199832870722204	0.49199832870722204
ENSG00000101447.15	-0.4918231137645839	0.4918231137645839
ENSG00000187800.13	0.49178880421486676	0.49178880421486676
ENSG00000102878.17	0.4917614627155779	0.4917614627155779
ENSG00000265972.6	0.49174226059448295	0.49174226059448295
ENSG00000238260.1	0.4915188598755586	0.4915188598755586
ENSG00000197816.16	0.49139955534418994	0.49139955534418994
ENSG00000274987.1	0.4912349295010809	0.4912349295010809
ENSG00000066279.18	-0.4910689322397756	0.4910689322397756
ENSG00000156970.13	-0.491061133496457	0.491061133496457
ENSG00000283445.1	0.49070979691400746	0.49070979691400746
ENSG00000257354.2	0.49062516229985	0.49062516229985
ENSG00000267769.1	0.4900721793728311	0.4900721793728311
ENSG00000280362.1	0.4900113192611814	0.4900113192611814
ENSG00000258498.8	0.4899839049970871	0.4899839049970871
ENSG00000154134.15	0.4899455111674488	0.4899455111674488
ENSG00000126787.13	-0.48976260268206295	0.48976260268206295
ENSG00000127419.17	0.48961088260950353	0.48961088260950353
ENSG00000254910.1	0.48954082953948574	0.48954082953948574
ENSG00000250602.6	0.48946122276492693	0.48946122276492693
ENSG00000280339.1	0.48942370858913253	0.48942370858913253
ENSG00000177595.18	0.48933856769844164	0.48933856769844164
ENSG00000226179.6	0.48926237147475155	0.48926237147475155
ENSG00000090889.12	-0.489079554357016	0.489079554357016
ENSG00000137812.20	-0.4888663817794258	0.4888663817794258
ENSG00000231246.2	0.48884450030594456	0.48884450030594456
ENSG00000286975.1	0.48866350494618294	0.48866350494618294
ENSG00000132424.16	0.4885940918411395	0.4885940918411395
ENSG00000104549.12	-0.48848128318407064	0.48848128318407064
ENSG00000244754.9	0.4879101302705894	0.4879101302705894
ENSG00000183718.5	0.48790356973905535	0.48790356973905535
ENSG00000203876.10	0.4878778026701355	0.4878778026701355
ENSG00000271553.1	0.4878168691414172	0.4878168691414172
ENSG00000215788.11	0.4876427825219715	0.4876427825219715
ENSG00000279088.1	0.48763464874280504	0.48763464874280504
ENSG00000164048.14	0.4874702585630313	0.4874702585630313
ENSG00000163827.13	0.48722034185999435	0.48722034185999435
ENSG00000144134.18	0.4871790642221796	0.4871790642221796
ENSG00000234936.1	0.48709275008194525	0.48709275008194525
ENSG00000130517.14	0.48696215380708086	0.48696215380708086
ENSG00000258302.2	0.4868398374093098	0.4868398374093098
ENSG00000167434.10	0.48677542562193055	0.48677542562193055
ENSG00000136240.10	-0.4866172007734028	0.4866172007734028
ENSG00000131747.15	-0.4865466644691219	0.4865466644691219
ENSG00000267543.1	0.48654501565284486	0.48654501565284486
ENSG00000090554.13	0.4863019015100175	0.4863019015100175
ENSG00000177943.14	0.48621554692307145	0.48621554692307145
ENSG00000007392.17	0.4860387669148483	0.4860387669148483
ENSG00000241014.2	0.4857904342584511	0.4857904342584511
ENSG00000260773.1	0.48556745333771584	0.48556745333771584
ENSG00000100276.10	0.4854677849791679	0.4854677849791679
ENSG00000276550.4	0.485101711339702	0.485101711339702
ENSG00000180660.8	0.4850323098352068	0.4850323098352068
ENSG00000240654.6	0.48496949204577683	0.48496949204577683
ENSG00000286018.1	0.4849443075710826	0.4849443075710826
ENSG00000078596.11	0.4849358218224509	0.4849358218224509
ENSG00000280077.1	0.484935311213364	0.484935311213364
ENSG00000108829.10	-0.48487847205583534	0.48487847205583534
ENSG00000154258.17	0.48483564585668043	0.48483564585668043
ENSG00000094914.14	0.48475905873520325	0.48475905873520325
ENSG00000112984.12	-0.4846916622992387	0.4846916622992387
ENSG00000227388.3	0.48456199907030423	0.48456199907030423
ENSG00000224934.5	0.48451434202189403	0.48451434202189403
ENSG00000272161.1	0.4845047109714283	0.4845047109714283
ENSG00000245025.3	0.48438327536715536	0.48438327536715536
ENSG00000171241.9	-0.48437171831757647	0.48437171831757647
ENSG00000240053.8	0.4841591675201439	0.4841591675201439
ENSG00000147576.17	0.4841250924520009	0.4841250924520009
ENSG00000248124.8	0.48402663552059083	0.48402663552059083
ENSG00000120500.18	0.48394998459422006	0.48394998459422006
ENSG00000204314.12	0.4839239443229419	0.4839239443229419
ENSG00000135424.18	0.4838729702899868	0.4838729702899868
ENSG00000125503.13	0.4837910758373626	0.4837910758373626
ENSG00000262115.1	0.48351877025247325	0.48351877025247325
ENSG00000259321.1	0.48348645021478304	0.48348645021478304
ENSG00000270012.1	0.4834814731602382	0.4834814731602382
ENSG00000196605.7	0.4834436291433784	0.4834436291433784
ENSG00000142751.15	0.4834007851712269	0.4834007851712269
ENSG00000229413.2	0.48335721160504036	0.48335721160504036
ENSG00000260296.1	0.48318724866659823	0.48318724866659823
ENSG00000237080.3	0.48308096290954855	0.48308096290954855
ENSG00000233382.7	0.4827572518179267	0.4827572518179267
ENSG00000116151.14	0.4827487852059188	0.4827487852059188
ENSG00000259972.3	0.4827466497947681	0.4827466497947681
ENSG00000129968.17	0.48261375235872134	0.48261375235872134
ENSG00000081791.9	0.4825737275478798	0.4825737275478798
ENSG00000254901.8	0.48253893657064034	0.48253893657064034
ENSG00000223823.1	0.482472744471838	0.482472744471838
ENSG00000102144.15	-0.4824050038937639	0.4824050038937639
ENSG00000285719.2	0.482322741411371	0.482322741411371
ENSG00000164736.6	0.48219981673742257	0.48219981673742257
ENSG00000257303.2	0.48218408856858674	0.48218408856858674
ENSG00000079435.10	0.4820597231223394	0.4820597231223394
ENSG00000106105.15	-0.4819012667811347	0.4819012667811347
ENSG00000102904.15	0.48182480901276414	0.48182480901276414
ENSG00000286757.2	0.48145250534661826	0.48145250534661826
ENSG00000260236.1	0.48098303599556125	0.48098303599556125
ENSG00000223878.1	0.4808997245045405	0.4808997245045405
ENSG00000279330.1	0.4808877248905743	0.4808877248905743
ENSG00000187260.16	0.4805925009540802	0.4805925009540802
ENSG00000250305.9	0.480013450308483	0.480013450308483
ENSG00000204653.10	0.47996392590669085	0.47996392590669085
ENSG00000122641.11	-0.4798380806244494	0.4798380806244494
ENSG00000225950.8	0.47968259029801047	0.47968259029801047
ENSG00000126790.12	0.47958379905348686	0.47958379905348686
ENSG00000261067.7	0.4795572566273457	0.4795572566273457
ENSG00000273432.1	0.47916941243381234	0.47916941243381234
ENSG00000166343.10	0.479008606108749	0.479008606108749
ENSG00000269609.6	0.47892084080691255	0.47892084080691255
ENSG00000214176.9	0.4788341120664591	0.4788341120664591
ENSG00000260729.1	0.4787088796791351	0.4787088796791351
ENSG00000181234.9	0.4783138410423539	0.4783138410423539
ENSG00000121671.12	0.47824553576021284	0.47824553576021284
ENSG00000197976.12	0.47794877472638325	0.47794877472638325
ENSG00000121897.15	0.4779470085630757	0.4779470085630757
ENSG00000275413.1	0.4778261687805685	0.4778261687805685
ENSG00000204065.3	0.4777292341872126	0.4777292341872126
ENSG00000228526.7	0.4775782159653258	0.4775782159653258
ENSG00000248019.3	0.47755858005877	0.47755858005877
ENSG00000267370.1	0.4775070476641662	0.4775070476641662
ENSG00000233006.8	0.47740338038423114	0.47740338038423114
ENSG00000276772.1	0.4771838870292966	0.4771838870292966
ENSG00000182087.14	0.47694698906597016	0.47694698906597016
ENSG00000284602.1	0.4768063755715288	0.4768063755715288
ENSG00000287356.1	0.4767563381811733	0.4767563381811733
ENSG00000117614.10	0.47663787782919875	0.47663787782919875
ENSG00000168026.18	0.4763420547284208	0.4763420547284208
ENSG00000197530.12	0.47626809588569896	0.47626809588569896
ENSG00000132716.19	0.4761745029671394	0.4761745029671394
ENSG00000123243.15	0.47613528957243034	0.47613528957243034
ENSG00000273402.1	0.47599694064725134	0.47599694064725134
ENSG00000245532.9	0.47557022677160754	0.47557022677160754
ENSG00000251474.6	0.47556842531212534	0.47556842531212534
ENSG00000254996.5	0.47548396940153215	0.47548396940153215
ENSG00000260105.6	0.47538826615505136	0.47538826615505136
ENSG00000213203.3	0.4753705612004123	0.4753705612004123
ENSG00000229246.2	0.4751913412761768	0.4751913412761768
ENSG00000269947.1	0.4749085878661998	0.4749085878661998
ENSG00000207251.1	0.4748568799388166	0.4748568799388166
ENSG00000205593.12	0.47471368427530064	0.47471368427530064
ENSG00000156298.13	0.4746978450366564	0.4746978450366564
ENSG00000266053.2	0.4745207191378587	0.4745207191378587
ENSG00000041988.15	0.4744660093653496	0.4744660093653496
ENSG00000285416.1	0.47438354738287947	0.47438354738287947
ENSG00000273771.1	0.4743806693717922	0.4743806693717922
ENSG00000099889.14	0.4743688049296021	0.4743688049296021
ENSG00000260563.3	0.4743130444949222	0.4743130444949222
ENSG00000138778.13	-0.47430995345882465	0.47430995345882465
ENSG00000024526.17	-0.4743043069820166	0.4743043069820166
ENSG00000163660.12	0.4740083155672667	0.4740083155672667
ENSG00000064300.9	0.47385998434785676	0.47385998434785676
ENSG00000273007.2	0.4737921536888857	0.4737921536888857
ENSG00000258315.5	0.47377914953678935	0.47377914953678935
ENSG00000158286.13	0.4737254569794721	0.4737254569794721
ENSG00000285830.1	0.4736336896818618	0.4736336896818618
ENSG00000267454.6	0.47361492259761434	0.47361492259761434
ENSG00000279203.1	0.47345890065289065	0.47345890065289065
ENSG00000278989.1	0.47332351263610756	0.47332351263610756
ENSG00000163884.4	0.4732963590272106	0.4732963590272106
ENSG00000207864.3	0.4731066443975202	0.4731066443975202
ENSG00000269896.2	0.4730680342396277	0.4730680342396277
ENSG00000120832.10	0.47300552153196357	0.47300552153196357
ENSG00000118193.12	-0.4729295554371106	0.4729295554371106
ENSG00000168490.14	0.4728646649200786	0.4728646649200786
ENSG00000159433.12	0.4728471668881828	0.4728471668881828
ENSG00000230303.6	0.47283863536719517	0.47283863536719517
ENSG00000109805.10	-0.4728194916379389	0.4728194916379389
ENSG00000004776.13	0.4727860963443883	0.4727860963443883
ENSG00000213015.9	0.47272633870158925	0.47272633870158925
ENSG00000171462.15	0.4727089551852439	0.4727089551852439
ENSG00000167280.17	0.4726051937912153	0.4726051937912153
ENSG00000185596.16	0.47248530612060535	0.47248530612060535
ENSG00000213339.9	0.47244971423862325	0.47244971423862325
ENSG00000198520.12	0.47231277138082745	0.47231277138082745
ENSG00000214279.13	0.47222429341985867	0.47222429341985867
ENSG00000167779.9	0.4720580186453204	0.4720580186453204
ENSG00000254419.1	0.4719752749227779	0.4719752749227779
ENSG00000101349.17	0.47193629943402543	0.47193629943402543
ENSG00000189045.15	0.47182168275501685	0.47182168275501685
ENSG00000260669.2	0.47171577617407756	0.47171577617407756
ENSG00000250654.7	0.4716473357049089	0.4716473357049089
ENSG00000260572.1	0.47149463205409575	0.47149463205409575
ENSG00000255153.1	0.47147949079494755	0.47147949079494755
ENSG00000086598.11	-0.4714067880081911	0.4714067880081911
ENSG00000234465.11	0.4711396899883742	0.4711396899883742
ENSG00000078814.17	0.4711322250359514	0.4711322250359514
ENSG00000255191.1	0.4711160431708297	0.4711160431708297
ENSG00000267710.9	0.471094330884383	0.471094330884383
ENSG00000153902.14	0.4710769520890915	0.4710769520890915
ENSG00000277715.1	0.47100181741048047	0.47100181741048047
ENSG00000205560.13	0.4708080097005214	0.4708080097005214
ENSG00000187824.9	0.47074067823246313	0.47074067823246313
ENSG00000229659.1	0.47070572854386156	0.47070572854386156
ENSG00000235194.9	0.47064902791146296	0.47064902791146296
ENSG00000162148.11	0.47058719078004074	0.47058719078004074
ENSG00000197054.12	0.47000664746398396	0.47000664746398396
ENSG00000148341.18	0.46995300679749535	0.46995300679749535
ENSG00000139914.6	0.4697267995119167	0.4697267995119167
ENSG00000264176.1	0.46969266505413954	0.46969266505413954
ENSG00000270179.1	0.4695991428530444	0.4695991428530444
ENSG00000269113.4	0.4695848769816773	0.4695848769816773
ENSG00000230747.1	0.46948454042705756	0.46948454042705756
ENSG00000221817.10	0.469444689732843	0.469444689732843
ENSG00000279716.1	0.4692825048554193	0.4692825048554193
ENSG00000132005.9	0.46922112306450126	0.46922112306450126
ENSG00000263072.8	0.46908604006182303	0.46908604006182303
ENSG00000118046.16	0.4688513557313892	0.4688513557313892
ENSG00000235904.3	0.4687557731724545	0.4687557731724545
ENSG00000236859.7	0.46867918873224523	0.46867918873224523
ENSG00000115233.12	-0.46846059602251283	0.46846059602251283
ENSG00000005102.14	0.4684411375079725	0.4684411375079725
ENSG00000279382.1	0.46841852423976976	0.46841852423976976
ENSG00000139734.19	-0.46833476616443936	0.46833476616443936
ENSG00000170889.14	0.4682903543477512	0.4682903543477512
ENSG00000102001.13	0.4682470918913154	0.4682470918913154
ENSG00000247970.2	0.46804842106244793	0.46804842106244793
ENSG00000257509.1	0.4680315673974681	0.4680315673974681
ENSG00000268836.1	0.4678777510818854	0.4678777510818854
ENSG00000197119.13	0.46771707053575673	0.46771707053575673
ENSG00000143224.18	0.4676059366427534	0.4676059366427534
ENSG00000287261.1	0.46757587947315327	0.46757587947315327
ENSG00000104413.18	-0.4675563166352736	0.4675563166352736
ENSG00000175773.13	0.4674690330513328	0.4674690330513328
ENSG00000247572.8	0.4674249431189995	0.4674249431189995
ENSG00000263164.1	0.46734418791857624	0.46734418791857624
ENSG00000271858.5	0.4671990154115832	0.4671990154115832
ENSG00000061936.10	0.46718350649906815	0.46718350649906815
ENSG00000286808.1	0.46717154173551945	0.46717154173551945
ENSG00000010318.21	0.46714501080399146	0.46714501080399146
ENSG00000279066.1	0.467087338534508	0.467087338534508
ENSG00000283635.1	0.46705054156743225	0.46705054156743225
ENSG00000119943.13	0.46704648514035046	0.46704648514035046
ENSG00000005206.17	0.4669813001809994	0.4669813001809994
ENSG00000231170.7	0.46697500844242523	0.46697500844242523
ENSG00000186056.10	0.4668382368952961	0.4668382368952961
ENSG00000181404.17	0.4667176123260475	0.4667176123260475
ENSG00000185513.17	0.4666944417093493	0.4666944417093493
ENSG00000133392.18	0.46668417572335913	0.46668417572335913
ENSG00000251661.3	0.4666335511851063	0.4666335511851063
ENSG00000053438.11	0.46661541599257045	0.46661541599257045
ENSG00000242252.2	0.46659934599358466	0.46659934599358466
ENSG00000240291.1	0.466474919565792	0.466474919565792
ENSG00000178947.9	0.4664227414265177	0.4664227414265177
ENSG00000037042.9	0.4663802338556421	0.4663802338556421
ENSG00000198547.10	0.4663724380202377	0.4663724380202377
ENSG00000167676.4	0.4662874771052976	0.4662874771052976
ENSG00000196295.12	0.4662221878487462	0.4662221878487462
ENSG00000138160.7	-0.4661143097158126	0.4661143097158126
ENSG00000279026.1	0.4660924812103565	0.4660924812103565
ENSG00000132879.14	0.4660311138867014	0.4660311138867014
ENSG00000286584.2	0.465768966075904	0.465768966075904
ENSG00000185324.22	0.4655723059312673	0.4655723059312673
ENSG00000061938.20	0.4653733251737912	0.4653733251737912
ENSG00000106351.13	0.4653639633327392	0.4653639633327392
ENSG00000270164.1	0.46522106693545845	0.46522106693545845
ENSG00000101280.8	0.4651597666877288	0.4651597666877288
ENSG00000203993.6	0.46509018425687276	0.46509018425687276
ENSG00000087586.18	-0.46507916277486633	0.46507916277486633
ENSG00000141338.14	0.4649374109936153	0.4649374109936153
ENSG00000281974.1	0.4648734901357753	0.4648734901357753
ENSG00000104129.10	0.46485903964331776	0.46485903964331776
ENSG00000105248.16	0.46476443211655544	0.46476443211655544
ENSG00000231711.2	0.46476322395555647	0.46476322395555647
ENSG00000254676.1	0.46475503317676464	0.46475503317676464
ENSG00000244879.8	0.46459922167394924	0.46459922167394924
ENSG00000198932.13	0.46458692373861443	0.46458692373861443
ENSG00000163354.15	0.4645295110025756	0.4645295110025756
ENSG00000142765.18	0.4644416222739148	0.4644416222739148
ENSG00000166819.12	0.4644147110899593	0.4644147110899593
ENSG00000287063.1	0.4643550668062122	0.4643550668062122
ENSG00000132199.20	0.4642367139923922	0.4642367139923922
ENSG00000113407.14	-0.4642048138021049	0.4642048138021049
ENSG00000165269.13	0.46413735598808137	0.46413735598808137
ENSG00000197182.14	0.4641109521524861	0.4641109521524861
ENSG00000198563.14	0.46407287890887466	0.46407287890887466
ENSG00000113520.11	0.4640026132798275	0.4640026132798275
ENSG00000165792.18	0.46389907533467584	0.46389907533467584
ENSG00000259577.2	0.4636655688902953	0.4636655688902953
ENSG00000230224.1	0.4635979941879882	0.4635979941879882
ENSG00000267594.5	0.4634387796008497	0.4634387796008497
ENSG00000166839.17	0.4633018135438096	0.4633018135438096
ENSG00000288598.1	0.4632056221905098	0.4632056221905098
ENSG00000008311.15	0.4628852066177935	0.4628852066177935
ENSG00000068028.17	0.46266499322508015	0.46266499322508015
ENSG00000137807.16	-0.4626578020178638	0.4626578020178638
ENSG00000232934.8	0.46246424244136275	0.46246424244136275
ENSG00000232079.7	0.4624512684458968	0.4624512684458968
ENSG00000205790.1	0.4622421608155617	0.4622421608155617
ENSG00000076555.15	0.46221139826647545	0.46221139826647545
ENSG00000184481.17	0.4620461700685575	0.4620461700685575
ENSG00000280039.1	0.46198836305571944	0.46198836305571944
ENSG00000109906.14	0.4618253956604653	0.4618253956604653
ENSG00000136936.11	0.4617927425398319	0.4617927425398319
ENSG00000233766.7	0.4616601383563309	0.4616601383563309
ENSG00000115705.22	0.4614389437068959	0.4614389437068959
ENSG00000176054.6	0.46121148202273055	0.46121148202273055
ENSG00000239282.8	0.4611124357878607	0.4611124357878607
ENSG00000129535.13	0.46102657760244714	0.46102657760244714
ENSG00000090238.12	0.46076980893606917	0.46076980893606917
ENSG00000261794.1	0.46076014058561454	0.46076014058561454
ENSG00000235602.5	0.4606875844503514	0.4606875844503514
ENSG00000197769.6	0.46054477920940967	0.46054477920940967
ENSG00000254815.6	0.4604947256798768	0.4604947256798768
ENSG00000165121.11	0.4604912122969215	0.4604912122969215
ENSG00000175265.17	0.460484586464988	0.460484586464988
ENSG00000215912.12	0.46043132105872675	0.46043132105872675
ENSG00000161800.13	-0.46034033324578055	0.46034033324578055
ENSG00000245958.6	0.46031263208238965	0.46031263208238965
ENSG00000233967.7	0.4602893901759683	0.4602893901759683
ENSG00000010310.9	0.46022703912643675	0.46022703912643675
ENSG00000272368.2	0.46011920689801955	0.46011920689801955
ENSG00000161558.11	0.45998720223490785	0.45998720223490785
ENSG00000165819.12	0.4598578051829584	0.4598578051829584
ENSG00000142330.20	0.4598519079648127	0.4598519079648127
ENSG00000175287.19	0.4598070241509051	0.4598070241509051
ENSG00000258515.1	0.459747164095643	0.459747164095643
ENSG00000115414.21	-0.4596121167986355	0.4596121167986355
ENSG00000137731.14	0.4596021450236717	0.4596021450236717
ENSG00000231154.1	0.45907014017623654	0.45907014017623654
ENSG00000274515.1	0.4590465723797509	0.4590465723797509
ENSG00000262692.1	0.45898876271602307	0.45898876271602307
ENSG00000188626.6	0.4589523147999184	0.4589523147999184
ENSG00000287115.1	0.4588594387108882	0.4588594387108882
ENSG00000279583.1	0.4588378787265287	0.4588378787265287
ENSG00000270016.1	0.4587445579301032	0.4587445579301032
ENSG00000232186.1	0.4587237409049623	0.4587237409049623
ENSG00000224479.6	0.4586634163800766	0.4586634163800766
ENSG00000207554.1	0.45863789517979464	0.45863789517979464
ENSG00000267114.1	0.45863658397955376	0.45863658397955376
ENSG00000257511.1	0.4583682625368536	0.4583682625368536
ENSG00000185031.6	0.45832162899656537	0.45832162899656537
ENSG00000175206.10	0.45818344417357565	0.45818344417357565
ENSG00000165879.9	0.4578856665108455	0.4578856665108455
ENSG00000267680.5	0.4578273616752535	0.4578273616752535
ENSG00000272256.1	0.45746800428996803	0.45746800428996803
ENSG00000173692.14	-0.4573603598017111	0.4573603598017111
ENSG00000165304.8	-0.4572815935849499	0.4572815935849499
ENSG00000108381.11	0.45725540690140787	0.45725540690140787
ENSG00000162367.11	0.45718783166642474	0.45718783166642474
ENSG00000248334.6	0.45713946215948115	0.45713946215948115
ENSG00000117640.18	0.457128909596471	0.457128909596471
ENSG00000202533.1	0.4570336981929239	0.4570336981929239
ENSG00000148399.13	0.4570218769906695	0.4570218769906695
ENSG00000152578.13	0.4569793303683693	0.4569793303683693
ENSG00000178734.5	0.4568293727337717	0.4568293727337717
ENSG00000146469.13	0.45679179685601434	0.45679179685601434
ENSG00000171848.16	-0.4567828160477696	0.4567828160477696
ENSG00000268204.1	0.45671228111557965	0.45671228111557965
ENSG00000232354.8	0.4566932582283735	0.4566932582283735
ENSG00000237529.2	0.45645922559194035	0.45645922559194035
ENSG00000183807.8	0.45633047391226916	0.45633047391226916
ENSG00000235033.7	0.4563154844749527	0.4563154844749527
ENSG00000124615.20	0.4560743227349862	0.4560743227349862
ENSG00000119147.10	0.45600750538685236	0.45600750538685236
ENSG00000273987.1	0.4560043291649883	0.4560043291649883
ENSG00000254862.5	0.4559385355787865	0.4559385355787865
ENSG00000265939.1	0.45585999011402417	0.45585999011402417
ENSG00000102384.13	-0.4558270349462352	0.4558270349462352
ENSG00000281560.1	0.45579087943821545	0.45579087943821545
ENSG00000233325.3	0.455782046029954	0.455782046029954
ENSG00000218510.8	0.4556158766843092	0.4556158766843092
ENSG00000101331.17	0.455611111147053	0.455611111147053
ENSG00000203588.3	0.4556004105157298	0.4556004105157298
ENSG00000286289.1	0.4555420358543484	0.4555420358543484
ENSG00000180354.16	0.45498670565710364	0.45498670565710364
ENSG00000266524.3	0.45449734076057835	0.45449734076057835
ENSG00000165275.10	0.4544861913471658	0.4544861913471658
ENSG00000262877.5	0.4543282790012987	0.4543282790012987
ENSG00000206530.11	0.45421972329608445	0.45421972329608445
ENSG00000174788.10	0.45410609229722076	0.45410609229722076
ENSG00000171680.23	0.453852845320169	0.453852845320169
ENSG00000270441.1	0.4536779898027797	0.4536779898027797
ENSG00000155256.17	0.4535781590300385	0.4535781590300385
ENSG00000234459.1	0.45356839407028143	0.45356839407028143
ENSG00000235245.1	0.45355801336289053	0.45355801336289053
ENSG00000234546.4	0.453542139966744	0.453542139966744
ENSG00000073169.14	0.4534888130691807	0.4534888130691807
ENSG00000092094.11	0.45345212980480576	0.45345212980480576
ENSG00000142961.15	0.4534162239166742	0.4534162239166742
ENSG00000204623.9	0.45335017565287133	0.45335017565287133
ENSG00000179796.12	0.4532825464185994	0.4532825464185994
ENSG00000189057.11	-0.45311522364874846	0.45311522364874846
ENSG00000225914.3	0.4529848639729284	0.4529848639729284
ENSG00000206561.13	0.4529566793693559	0.4529566793693559
ENSG00000185149.6	0.45293806969539335	0.45293806969539335
ENSG00000272141.1	0.4528595302634234	0.4528595302634234
ENSG00000130522.6	0.45247955520414856	0.45247955520414856
ENSG00000197332.9	0.45235427214877405	0.45235427214877405
ENSG00000280332.1	0.4523448892024519	0.4523448892024519
ENSG00000171853.16	0.4523373474560008	0.4523373474560008
ENSG00000170236.16	0.45220035158581423	0.45220035158581423
ENSG00000254847.1	0.45211383691966855	0.45211383691966855
ENSG00000184619.8	0.45191302411495	0.45191302411495
ENSG00000186815.13	0.45188164819809085	0.45188164819809085
ENSG00000122547.11	0.45186041482360084	0.45186041482360084
ENSG00000206344.7	0.45178429532730874	0.45178429532730874
ENSG00000108465.15	0.4517241676941958	0.4517241676941958
ENSG00000260751.2	0.45167643403413976	0.45167643403413976
ENSG00000268279.4	0.4516074176817145	0.4516074176817145
ENSG00000107021.16	0.45159328216970657	0.45159328216970657
ENSG00000149499.12	0.45153958689445417	0.45153958689445417
ENSG00000104936.19	0.45146132872001943	0.45146132872001943
ENSG00000117650.13	-0.4514196874000879	0.4514196874000879
ENSG00000152117.17	0.4513923992988714	0.4513923992988714
ENSG00000177685.17	0.4513614709279802	0.4513614709279802
ENSG00000158863.22	0.45135437819230845	0.45135437819230845
ENSG00000272734.1	0.4512536422899015	0.4512536422899015
ENSG00000187288.12	0.45122063328716394	0.45122063328716394
ENSG00000271816.1	0.45099819324258933	0.45099819324258933
ENSG00000150753.12	-0.45095811147547493	0.45095811147547493
ENSG00000142102.16	0.4509429776497566	0.4509429776497566
ENSG00000268287.1	0.45093222057464466	0.45093222057464466
ENSG00000115257.15	0.4508712305373096	0.4508712305373096
ENSG00000180914.10	0.45078978523097024	0.45078978523097024
ENSG00000198624.13	0.45078826610683753	0.45078826610683753
ENSG00000263126.1	0.45075486969737344	0.45075486969737344
ENSG00000287652.1	0.4507028417602901	0.4507028417602901
ENSG00000271871.1	0.450597102635557	0.450597102635557
ENSG00000095464.10	0.45059473797718513	0.45059473797718513
ENSG00000132535.21	0.450569770750041	0.450569770750041
ENSG00000155287.11	0.4505467052440386	0.4505467052440386
ENSG00000286721.1	0.45051555155863776	0.45051555155863776
ENSG00000147439.13	0.450477241436537	0.450477241436537
ENSG00000009950.16	0.450436663388947	0.450436663388947
ENSG00000148814.18	0.4501707104052487	0.4501707104052487
ENSG00000204444.11	0.45012016773565505	0.45012016773565505
ENSG00000117245.13	0.45001153978768144	0.45001153978768144
ENSG00000227495.1	0.44978754818526423	0.44978754818526423
ENSG00000198826.11	-0.44978388609042785	0.44978388609042785
ENSG00000230590.11	0.4495951210378915	0.4495951210378915
ENSG00000250903.9	0.4495895431537614	0.4495895431537614
ENSG00000163431.13	0.4495761733267509	0.4495761733267509
ENSG00000275120.3	0.44955908998488325	0.44955908998488325
ENSG00000198939.8	0.4495455760493755	0.4495455760493755
ENSG00000229901.1	0.4495404141125627	0.4495404141125627
ENSG00000241218.1	0.4494823950403221	0.4494823950403221
ENSG00000140955.11	0.44946453738224057	0.44946453738224057
ENSG00000092098.17	0.4494119896212959	0.4494119896212959
ENSG00000247828.8	0.449382593868995	0.449382593868995
ENSG00000127528.6	0.4493518831721147	0.4493518831721147
ENSG00000268743.1	0.44933666079424067	0.44933666079424067
ENSG00000180376.17	0.4489935886485905	0.4489935886485905
ENSG00000204161.14	0.44899115311665583	0.44899115311665583
ENSG00000188542.10	0.44880027398991346	0.44880027398991346
ENSG00000267481.1	0.44877571154243345	0.44877571154243345
ENSG00000159714.12	0.44869305317487673	0.44869305317487673
ENSG00000270049.3	0.44868090026510743	0.44868090026510743
ENSG00000274471.2	0.4486705385447246	0.4486705385447246
ENSG00000130254.12	0.44858826163434445	0.44858826163434445
ENSG00000184811.4	0.4485067071002832	0.4485067071002832
ENSG00000088970.16	0.4484751422637008	0.4484751422637008
ENSG00000188234.13	0.4484471351292153	0.4484471351292153
ENSG00000248309.7	0.44823860756201367	0.44823860756201367
ENSG00000185883.12	0.4481663547254974	0.4481663547254974
ENSG00000100288.20	0.44814523848696863	0.44814523848696863
ENSG00000250538.6	0.44812681764242	0.44812681764242
ENSG00000164924.18	-0.44811866997879946	0.44811866997879946
ENSG00000271967.1	0.4480936405619868	0.4480936405619868
ENSG00000272668.2	0.44807572668131845	0.44807572668131845
ENSG00000278867.1	0.4480444843589517	0.4480444843589517
ENSG00000185485.14	0.447984841128324	0.447984841128324
ENSG00000196611.5	-0.4475524144296337	0.4475524144296337
ENSG00000156042.18	0.4475170317207779	0.4475170317207779
ENSG00000167641.11	0.4473251674615736	0.4473251674615736
ENSG00000068976.14	0.44726958084590374	0.44726958084590374
ENSG00000143476.18	-0.4472399877892366	0.4472399877892366
ENSG00000072163.20	0.44722739883753754	0.44722739883753754
ENSG00000279425.1	0.4471132389333541	0.4471132389333541
ENSG00000271788.1	0.44708395734797673	0.44708395734797673
ENSG00000135722.9	0.44706751321500926	0.44706751321500926
ENSG00000174371.17	-0.4469856210934271	0.4469856210934271
ENSG00000171773.3	0.44604684414629076	0.44604684414629076
ENSG00000011243.18	0.4460074132661542	0.4460074132661542
ENSG00000163687.14	0.44588740216933576	0.44588740216933576
ENSG00000258199.1	0.4458333903561606	0.4458333903561606
ENSG00000269736.1	0.445814789897156	0.445814789897156
ENSG00000199161.1	0.4457260937960942	0.4457260937960942
ENSG00000172650.14	0.44569806647948607	0.44569806647948607
ENSG00000213983.12	0.4456784539191544	0.4456784539191544
ENSG00000224975.1	0.4456528255761142	0.4456528255761142
ENSG00000154065.17	0.44556962142004297	0.44556962142004297
ENSG00000136932.14	0.445428630416642	0.445428630416642
ENSG00000136628.18	-0.4454017375616663	0.4454017375616663
ENSG00000059145.19	0.4453835980027774	0.4453835980027774
ENSG00000167671.12	0.44534624078581325	0.44534624078581325
ENSG00000152952.12	-0.44526111057746737	0.44526111057746737
ENSG00000260306.1	0.4451588084769922	0.4451588084769922
ENSG00000115091.12	-0.4450946339692972	0.4450946339692972
ENSG00000237641.1	0.44507801021943616	0.44507801021943616
ENSG00000234409.7	0.4449096319639526	0.4449096319639526
ENSG00000276842.1	0.444725728475909	0.444725728475909
ENSG00000137960.6	0.4445942176700477	0.4445942176700477
ENSG00000260778.5	0.4445565746701613	0.4445565746701613
ENSG00000253200.1	0.4445031715754	0.4445031715754
ENSG00000197930.13	-0.4444771554110183	0.4444771554110183
ENSG00000125122.15	0.44426033694193956	0.44426033694193956
ENSG00000233429.9	0.4442511217906134	0.4442511217906134
ENSG00000182397.14	0.4440913669316018	0.4440913669316018
ENSG00000151303.11	0.4440902335588426	0.4440902335588426
ENSG00000178605.13	0.4439790173297417	0.4439790173297417
ENSG00000237886.1	0.4439312845925658	0.4439312845925658
ENSG00000273015.2	0.44385566379044183	0.44385566379044183
ENSG00000103510.20	0.4438231829534526	0.4438231829534526
ENSG00000260425.1	0.4438076303867106	0.4438076303867106
ENSG00000177133.11	0.4437334730449119	0.4437334730449119
ENSG00000122085.17	0.4436562204063323	0.4436562204063323
ENSG00000265678.1	0.4436162056006119	0.4436162056006119
ENSG00000136114.17	0.44348505154396	0.44348505154396
ENSG00000088543.15	0.4432777235749016	0.4432777235749016
ENSG00000234353.2	0.44301922622254886	0.44301922622254886
ENSG00000155666.12	0.4429806790748663	0.4429806790748663
ENSG00000254860.6	0.4428798769513295	0.4428798769513295
ENSG00000072571.20	-0.44276776431636017	0.44276776431636017
ENSG00000279873.2	0.442736663689798	0.442736663689798
ENSG00000170037.14	0.44271814191951986	0.44271814191951986
ENSG00000164109.14	-0.44271191540665494	0.44271191540665494
ENSG00000228327.3	0.4425520116878454	0.4425520116878454
ENSG00000204301.6	0.4424779728763902	0.4424779728763902
ENSG00000196843.17	0.44225843317341795	0.44225843317341795
