Gene	Pearson_r	abs_r	Gene_clean	query	symbol	name
ENSG00000245849.8	0.6972567204874955	0.6972567204874955	ENSG00000245849	ENSG00000245849	RAD51-AS1	RAD51 antisense RNA 1
ENSG00000246922.9	0.685483071960822	0.685483071960822	ENSG00000246922	ENSG00000246922	UBAP1L	ubiquitin associated protein 1 like
ENSG00000100650.16	0.6844689118687947	0.6844689118687947	ENSG00000100650	ENSG00000100650	SRSF5	serine and arginine rich splicing factor 5
ENSG00000235016.1	0.6734861510793192	0.6734861510793192	ENSG00000235016	ENSG00000235016	SEMA3F-AS1	SEMA3F antisense RNA 1
ENSG00000079337.16	0.6617021484203172	0.6617021484203172	ENSG00000079337	ENSG00000079337	RAPGEF3	Rap guanine nucleotide exchange factor 3
ENSG00000140398.14	0.6599272688423127	0.6599272688423127	ENSG00000140398	ENSG00000140398	NEIL1	nei like DNA glycosylase 1
ENSG00000273729.1	0.654002568729832	0.654002568729832	ENSG00000273729	ENSG00000273729		
ENSG00000146067.16	0.6517256767764877	0.6517256767764877	ENSG00000146067	ENSG00000146067	FAM193B	family with sequence similarity 193 member B
ENSG00000121310.17	0.6502407002315983	0.6502407002315983	ENSG00000121310	ENSG00000121310	ECHDC2	enoyl-CoA hydratase domain containing 2
ENSG00000075826.17	0.6458251512708952	0.6458251512708952	ENSG00000075826	ENSG00000075826	SEC31B	SEC31 homolog B, COPII component
ENSG00000266714.9	0.6453256909615372	0.6453256909615372	ENSG00000266714	ENSG00000266714	MYO15B	myosin XVB
ENSG00000115459.18	0.6415408237267157	0.6415408237267157	ENSG00000115459	ENSG00000115459	ELMOD3	ELMO domain containing 3
ENSG00000113971.20	0.6405804487043579	0.6405804487043579	ENSG00000113971	ENSG00000113971	NPHP3	nephrocystin 3
ENSG00000261879.7	0.6405701462040339	0.6405701462040339	ENSG00000261879	ENSG00000261879	ZNF594-DT	ZNF594 divergent transcript
ENSG00000010322.16	0.6400141367739608	0.6400141367739608	ENSG00000010322	ENSG00000010322	NISCH	nischarin
ENSG00000100307.13	0.6395488699491969	0.6395488699491969	ENSG00000100307	ENSG00000100307	CBX7	chromobox 7
ENSG00000175309.15	0.6389243668523943	0.6389243668523943	ENSG00000175309	ENSG00000175309	PHYKPL	5-phosphohydroxy-L-lysine phospho-lyase
ENSG00000271895.2	0.638428425553648	0.638428425553648	ENSG00000271895	ENSG00000271895		
ENSG00000146556.14	0.6367265816004326	0.6367265816004326	ENSG00000146556	ENSG00000146556	WASH2P	WASP family homolog 2, pseudogene
ENSG00000168970.22	0.6364306647410672	0.6364306647410672	ENSG00000168970	ENSG00000168970	JMJD7-PLA2G4B	JMJD7-PLA2G4B readthrough
ENSG00000166337.10	0.6362853414431766	0.6362853414431766	ENSG00000166337	ENSG00000166337	TAF10	TATA-box binding protein associated factor 10
ENSG00000173209.23	0.6359603952607353	0.6359603952607353	ENSG00000173209	ENSG00000173209	AHSA2P	activator of HSP90 ATPase homolog 2, pseudogene
ENSG00000167615.17	0.6345748480530373	0.6345748480530373	ENSG00000167615	ENSG00000167615	LENG8	leukocyte receptor cluster member 8
ENSG00000003756.17	0.631597343107349	0.631597343107349	ENSG00000003756	ENSG00000003756	RBM5	RNA binding motif protein 5
ENSG00000137070.18	0.6301092661170575	0.6301092661170575	ENSG00000137070	ENSG00000137070	IL11RA	interleukin 11 receptor subunit alpha
ENSG00000139631.19	0.6279809549064986	0.6279809549064986	ENSG00000139631	ENSG00000139631	CSAD	cysteine sulfinic acid decarboxylase
ENSG00000161010.15	0.6277476176088718	0.6277476176088718	ENSG00000161010	ENSG00000161010	MRNIP	MRN complex interacting protein
ENSG00000113108.19	0.6254029551751513	0.6254029551751513	ENSG00000113108	ENSG00000113108	APBB3	amyloid beta precursor protein binding family B member 3
ENSG00000212694.8	0.6250632477061787	0.6250632477061787	ENSG00000212694	ENSG00000212694	LINC01089	long intergenic non-protein coding RNA 1089
ENSG00000158062.20	0.6239899642398935	0.6239899642398935	ENSG00000158062	ENSG00000158062	UBXN11	UBX domain protein 11
ENSG00000186301.8	0.6232153091268225	0.6232153091268225	ENSG00000186301	ENSG00000186301	MST1P2	macrophage stimulating 1 pseudogene 2
ENSG00000140400.17	0.6210013969904343	0.6210013969904343	ENSG00000140400	ENSG00000140400	MAN2C1	mannosidase alpha class 2C member 1
ENSG00000269054.2	0.6184589491903106	0.6184589491903106	ENSG00000269054	ENSG00000269054	ZNF497-AS1	ZNF497 antisense RNA 1
ENSG00000130307.12	0.6177174776460126	0.6177174776460126	ENSG00000130307	ENSG00000130307	USHBP1	USH1 protein network component harmonin binding protein 1
ENSG00000004534.15	0.6174720799206516	0.6174720799206516	ENSG00000004534	ENSG00000004534	RBM6	RNA binding motif protein 6
ENSG00000119688.21	0.6174429054986768	0.6174429054986768	ENSG00000119688	ENSG00000119688	ABCD4	ATP binding cassette subfamily D member 4
ENSG00000154263.17	0.6170474002086377	0.6170474002086377	ENSG00000154263	ENSG00000154263	ABCA10	ATP binding cassette subfamily A member 10
ENSG00000080947.15	0.6166229800124771	0.6166229800124771	ENSG00000080947	ENSG00000080947	CROCCP3	CROCC pseudogene 3
ENSG00000012822.16	0.6165379109955721	0.6165379109955721	ENSG00000012822	ENSG00000012822	CALCOCO1	calcium binding and coiled-coil domain 1
ENSG00000221978.12	0.6164426997120627	0.6164426997120627	ENSG00000221978	ENSG00000221978	CCNL2	cyclin L2
ENSG00000276409.5	0.6157165233295842	0.6157165233295842	ENSG00000276409	ENSG00000276409	CCL14	C-C motif chemokine ligand 14
ENSG00000099622.14	0.6152327149364695	0.6152327149364695	ENSG00000099622	ENSG00000099622	CIRBP	cold inducible RNA binding protein
ENSG00000215908.10	0.6132889412153059	0.6132889412153059	ENSG00000215908	ENSG00000215908	CROCCP2	CROCC pseudogene 2
ENSG00000226891.9	0.6130415857019726	0.6130415857019726	ENSG00000226891	ENSG00000226891	LINC01359	long intergenic non-protein coding RNA 1359
ENSG00000146830.11	0.6091360572791346	0.6091360572791346	ENSG00000146830	ENSG00000146830	GIGYF1	GRB10 interacting GYF protein 1
ENSG00000130653.16	0.60910462965208	0.60910462965208	ENSG00000130653	ENSG00000130653	PNPLA7	patatin like domain 7, lysophospholipase
ENSG00000163093.12	0.6062372382429958	0.6062372382429958	ENSG00000163093	ENSG00000163093	BBS5	Bardet-Biedl syndrome 5
ENSG00000239779.7	0.6057317315533511	0.6057317315533511	ENSG00000239779	ENSG00000239779	WBP1	WW domain binding protein 1
ENSG00000105373.19	0.6050347961994988	0.6050347961994988	ENSG00000105373	ENSG00000105373	NOP53	NOP53 ribosome biogenesis factor
ENSG00000133624.13	0.6047261829329711	0.6047261829329711	ENSG00000133624	ENSG00000133624	ZNF767P	zinc finger family member 767, pseudogene
ENSG00000109063.15	0.6038269409688537	0.6038269409688537	ENSG00000109063	ENSG00000109063	MYH3	myosin heavy chain 3
ENSG00000128159.12	0.6037107746857359	0.6037107746857359	ENSG00000128159	ENSG00000128159	TUBGCP6	tubulin gamma complex component 6
ENSG00000228242.6	0.602855215709783	0.602855215709783	ENSG00000228242	ENSG00000228242	XPC-AS1	XPC antisense RNA 1
ENSG00000104852.15	0.6026771998874381	0.6026771998874381	ENSG00000104852	ENSG00000104852	SNRNP70	small nuclear ribonucleoprotein U1 subunit 70
ENSG00000267281.2	0.6024852520915155	0.6024852520915155	ENSG00000267281	ENSG00000267281	ATF7-NPFF	ATF7-NPFF readthrough
ENSG00000263345.1	0.6024788152817551	0.6024788152817551	ENSG00000263345	ENSG00000263345	SGSM2-AS1	SGSM2 antisense RNA 1
ENSG00000280927.1	0.6020709026211835	0.6020709026211835	ENSG00000280927	ENSG00000280927	CTBP1-AS	CTBP1 antisense RNA
ENSG00000173531.15	0.6017051596628155	0.6017051596628155	ENSG00000173531	ENSG00000173531	MST1	macrophage stimulating 1
ENSG00000196689.12	0.6015897114462309	0.6015897114462309	ENSG00000196689	ENSG00000196689	TRPV1	transient receptor potential cation channel subfamily V member 1
ENSG00000136059.14	0.6012606690826733	0.6012606690826733	ENSG00000136059	ENSG00000136059	VILL	villin like
ENSG00000114841.17	0.6010637957210683	0.6010637957210683	ENSG00000114841	ENSG00000114841	DNAH1	dynein axonemal heavy chain 1
ENSG00000165810.17	0.6007842670743504	0.6007842670743504	ENSG00000165810	ENSG00000165810	BTNL9	butyrophilin like 9
ENSG00000130518.17	0.600681541667053	0.600681541667053	ENSG00000130518	ENSG00000130518	IQCN	IQ motif containing N
ENSG00000215375.6	0.5996585547734752	0.5996585547734752	ENSG00000215375	ENSG00000215375	MYL5	myosin light chain 5
ENSG00000141258.13	0.5996285862622192	0.5996285862622192	ENSG00000141258	ENSG00000141258	SGSM2	small G protein signaling modulator 2
ENSG00000213366.13	0.5982254835654729	0.5982254835654729	ENSG00000213366	ENSG00000213366	GSTM2	glutathione S-transferase mu 2
ENSG00000279833.1	0.5972197295741243	0.5972197295741243	ENSG00000279833	ENSG00000279833		
ENSG00000271327.1	0.5969479323033711	0.5969479323033711	ENSG00000271327	ENSG00000271327		
ENSG00000225032.5	0.5955712385390869	0.5955712385390869	ENSG00000225032	ENSG00000225032	LOC102723566	uncharacterized LOC102723566
ENSG00000182796.14	0.5952238137770205	0.5952238137770205	ENSG00000182796	ENSG00000182796	TMEM198B	transmembrane protein 198B (pseudogene)
ENSG00000263272.1	0.5950498926433436	0.5950498926433436	ENSG00000263272	ENSG00000263272		
ENSG00000141295.14	0.5936679473137196	0.5936679473137196	ENSG00000141295	ENSG00000141295	SCRN2	secernin 2
ENSG00000257270.1	0.5926187949898352	0.5926187949898352	ENSG00000257270	ENSG00000257270		
ENSG00000104859.15	0.5919347467265484	0.5919347467265484	ENSG00000104859	ENSG00000104859	CLASRP	CLK4 associating serine/arginine rich protein
ENSG00000249669.10	0.5918483156482733	0.5918483156482733	ENSG00000249669	ENSG00000249669	CARMN	cardiac mesoderm enhancer-associated non-coding RNA
ENSG00000112511.18	0.5912371773802192	0.5912371773802192	ENSG00000112511	ENSG00000112511	PHF1	PHD finger protein 1
ENSG00000186166.9	0.5911548516012671	0.5911548516012671	ENSG00000186166	ENSG00000186166	CENATAC	centrosomal AT-AC splicing factor
ENSG00000260911.2	0.591024608902663	0.591024608902663	ENSG00000260911	ENSG00000260911		
ENSG00000157873.17	0.5906762032214867	0.5906762032214867	ENSG00000157873	ENSG00000157873	TNFRSF14	TNF receptor superfamily member 14
ENSG00000126895.15	0.5897516202287514	0.5897516202287514	ENSG00000126895	ENSG00000126895	AVPR2	arginine vasopressin receptor 2
ENSG00000113240.13	0.5896839331961842	0.5896839331961842	ENSG00000113240	ENSG00000113240	CLK4	CDC like kinase 4
ENSG00000114626.18	0.5893238738636213	0.5893238738636213	ENSG00000114626	ENSG00000114626	ABTB1	ankyrin repeat and BTB domain containing 1
ENSG00000166169.17	0.5891393564250433	0.5891393564250433	ENSG00000166169	ENSG00000166169	POLL	DNA polymerase lambda
ENSG00000273137.1	0.5885742539002694	0.5885742539002694	ENSG00000273137	ENSG00000273137	SELENOO-AS1	SELENOO antisense RNA 1
ENSG00000204859.13	0.5872528581263428	0.5872528581263428	ENSG00000204859	ENSG00000204859	ZBTB48	zinc finger and BTB domain containing 48
ENSG00000092529.25	0.586205679455153	0.586205679455153	ENSG00000092529	ENSG00000092529	CAPN3	calpain 3
ENSG00000117616.18	0.5855210529842528	0.5855210529842528	ENSG00000117616	ENSG00000117616	RSRP1	arginine and serine rich protein 1
ENSG00000129467.14	0.5854444967276378	0.5854444967276378	ENSG00000129467	ENSG00000129467	ADCY4	adenylate cyclase 4
ENSG00000100445.17	0.5853153154940436	0.5853153154940436	ENSG00000100445	ENSG00000100445	SDR39U1	short chain dehydrogenase/reductase family 39U member 1
ENSG00000159761.15	0.5850560263190491	0.5850560263190491	ENSG00000159761	ENSG00000159761	C16orf86	chromosome 16 open reading frame 86
ENSG00000214021.16	0.5842806096219076	0.5842806096219076	ENSG00000214021	ENSG00000214021	TTLL3	tubulin tyrosine ligase like 3
ENSG00000114735.10	0.5839178412881268	0.5839178412881268	ENSG00000114735	ENSG00000114735	HEMK1	HemK methyltransferase 1, mitochondrial release factors N(5)-glutamine
ENSG00000181513.15	0.5836947578138783	0.5836947578138783	ENSG00000181513	ENSG00000181513	ACBD4	acyl-CoA binding domain containing 4
ENSG00000130304.17	0.581972680481888	0.581972680481888	ENSG00000130304	ENSG00000130304	SLC27A1	solute carrier family 27 member 1
ENSG00000272316.1	0.5811702427428374	0.5811702427428374	ENSG00000272316	ENSG00000272316		
ENSG00000104946.13	0.5809240226793988	0.5809240226793988	ENSG00000104946	ENSG00000104946	TBC1D17	TBC1 domain family member 17
ENSG00000269680.1	0.5803390932954983	0.5803390932954983	ENSG00000269680	ENSG00000269680		
ENSG00000186994.11	0.5799563555448783	0.5799563555448783	ENSG00000186994	ENSG00000186994	KANK3	KN motif and ankyrin repeat domains 3
ENSG00000225670.4	0.5797818953972237	0.5797818953972237	ENSG00000225670	ENSG00000225670	CADM3-AS1	CADM3 antisense RNA 1
ENSG00000180902.18	0.5797817934513726	0.5797817934513726	ENSG00000180902	ENSG00000180902	D2HGDH	D-2-hydroxyglutarate dehydrogenase
ENSG00000243679.1	0.5794732856405973	0.5794732856405973	ENSG00000243679	ENSG00000243679		
ENSG00000108799.13	0.579360287207762	0.579360287207762	ENSG00000108799	ENSG00000108799	EZH1	enhancer of zeste 1 polycomb repressive complex 2 subunit
ENSG00000272491.1	0.5793433311849608	0.5793433311849608	ENSG00000272491	ENSG00000272491		
ENSG00000050426.16	0.5787342988820765	0.5787342988820765	ENSG00000050426	ENSG00000050426	LETMD1	LETM1 domain containing 1
ENSG00000224660.2	0.5784540779798977	0.5784540779798977	ENSG00000224660	ENSG00000224660	SH3BP5-AS1	SH3BP5 antisense RNA 1
ENSG00000267169.2	0.5781351848682127	0.5781351848682127	ENSG00000267169	ENSG00000267169	ADGRL1-AS1	ADGRL1 antisense RNA 1
ENSG00000241404.7	0.5779167468009047	0.5779167468009047	ENSG00000241404	ENSG00000241404	EGFL8	EGF like domain multiple 8
ENSG00000235351.1	0.5768798156495958	0.5768798156495958	ENSG00000235351	ENSG00000235351		
ENSG00000013441.16	0.5768051453084235	0.5768051453084235	ENSG00000013441	ENSG00000013441	CLK1	CDC like kinase 1
ENSG00000100836.10	0.575209521355152	0.575209521355152	ENSG00000100836	ENSG00000100836	PABPN1	poly(A) binding protein nuclear 1
ENSG00000229180.7	0.574897838121879	0.574897838121879	ENSG00000229180	ENSG00000229180	RABGEF1P1	RABGEF1 pseudogene 1
ENSG00000234500.1	0.574608465269537	0.574608465269537	ENSG00000234500	ENSG00000234500		
ENSG00000149451.18	0.5742496159537867	0.5742496159537867	ENSG00000149451	ENSG00000149451	ADAM33	ADAM metallopeptidase domain 33
ENSG00000011426.11	-0.5737902665493306	0.5737902665493306	ENSG00000011426	ENSG00000011426	ANLN	anillin, actin binding protein
ENSG00000269352.1	0.5735405780609527	0.5735405780609527	ENSG00000269352	ENSG00000269352	PTOV1-AS2	PTOV1 antisense RNA 2
ENSG00000272927.1	0.5734812876854765	0.5734812876854765	ENSG00000272927	ENSG00000272927		
ENSG00000270060.1	0.5734178387815821	0.5734178387815821	ENSG00000270060	ENSG00000270060		
ENSG00000099326.9	0.5730459346044853	0.5730459346044853	ENSG00000099326	ENSG00000099326	MZF1	myeloid zinc finger 1
ENSG00000255142.1	0.5729613947074844	0.5729613947074844	ENSG00000255142	ENSG00000255142		
ENSG00000258559.2	0.5716927365691893	0.5716927365691893	ENSG00000258559	ENSG00000258559		
ENSG00000238105.7	0.5715238820941229	0.5715238820941229	ENSG00000238105	ENSG00000238105	GOLGA2P5	GOLGA2 pseudogene 5
ENSG00000277494.2	0.5709862966356999	0.5709862966356999	ENSG00000277494	ENSG00000277494	GPIHBP1	glycosylphosphatidylinositol anchored high density lipoprotein binding protein 1
ENSG00000101883.5	0.5705832131723011	0.5705832131723011	ENSG00000101883	ENSG00000101883	RHOXF1	Rhox homeobox family member 1
ENSG00000272836.1	0.5704677935917374	0.5704677935917374	ENSG00000272836	ENSG00000272836		
ENSG00000204311.15	0.5700054861837991	0.5700054861837991	ENSG00000204311	ENSG00000204311	PJVK	pejvakin
ENSG00000051009.11	0.5699485469882304	0.5699485469882304	ENSG00000051009	ENSG00000051009	FHIP1B	FHF complex subunit HOOK interacting protein 1B
ENSG00000271918.1	0.5697367634820919	0.5697367634820919	ENSG00000271918	ENSG00000271918		
ENSG00000227372.12	0.5686544479240816	0.5686544479240816	ENSG00000227372	ENSG00000227372	GFOD3P	Gfo/Idh/MocA-like oxidoreductase domain containing 3, pseudogene
ENSG00000257621.8	0.5682520680699611	0.5682520680699611	ENSG00000257621	ENSG00000257621	PSMA3-AS1	PSMA3 antisense RNA 1
ENSG00000259407.1	0.5674575971733936	0.5674575971733936	ENSG00000259407	ENSG00000259407		
ENSG00000281005.1	0.565751336623465	0.565751336623465	ENSG00000281005	ENSG00000281005	LINC00921	long intergenic non-protein coding RNA 921
ENSG00000184113.9	0.5647830949499133	0.5647830949499133	ENSG00000184113	ENSG00000184113	CLDN5	claudin 5
ENSG00000167874.7	0.564264755670517	0.564264755670517	ENSG00000167874	ENSG00000167874	TMEM88	transmembrane protein 88
ENSG00000108474.17	0.5639846464932612	0.5639846464932612	ENSG00000108474	ENSG00000108474	PIGL	phosphatidylinositol glycan anchor biosynthesis class L
ENSG00000265511.1	0.5633375837671376	0.5633375837671376	ENSG00000265511	ENSG00000265511		
ENSG00000072778.20	0.563119197662841	0.563119197662841	ENSG00000072778	ENSG00000072778	ACADVL	acyl-CoA dehydrogenase very long chain
ENSG00000053702.15	0.5630801055276966	0.5630801055276966	ENSG00000053702	ENSG00000053702	NRIP2	nuclear receptor interacting protein 2
ENSG00000267419.2	0.5624627594566434	0.5624627594566434	ENSG00000267419	ENSG00000267419	ZNF56P	zinc finger protein 56, pseudogene
ENSG00000243696.5	0.5610863991245223	0.5610863991245223	ENSG00000243696	ENSG00000243696		
ENSG00000139190.17	0.5609827380906284	0.5609827380906284	ENSG00000139190	ENSG00000139190	VAMP1	vesicle associated membrane protein 1
ENSG00000204172.12	0.5609795781209418	0.5609795781209418	ENSG00000204172	ENSG00000204172	AGAP9	ArfGAP with GTPase domain, ankyrin repeat and PH domain 9
ENSG00000128595.17	-0.5602765295880481	0.5602765295880481	ENSG00000128595	ENSG00000128595	CALU	calumenin
ENSG00000169592.15	0.5599725184609452	0.5599725184609452	ENSG00000169592	ENSG00000169592	INO80E	INO80 complex subunit E
ENSG00000123349.15	0.5598061558447883	0.5598061558447883	ENSG00000123349	ENSG00000123349	PFDN5	prefoldin subunit 5
ENSG00000184381.20	0.5594109991568713	0.5594109991568713	ENSG00000184381	ENSG00000184381	PLA2G6	phospholipase A2 group VI
ENSG00000196275.14	0.559157920172345	0.559157920172345	ENSG00000196275	ENSG00000196275	GTF2IRD2	GTF2I repeat domain containing 2
ENSG00000185986.12	0.5590095306893176	0.5590095306893176	ENSG00000185986	ENSG00000185986	SDHAP3	SDHA pseudogene 3
ENSG00000225828.1	0.5583611370475231	0.5583611370475231	ENSG00000225828	ENSG00000225828	FAM229A	family with sequence similarity 229 member A
ENSG00000061273.18	0.5579722152116686	0.5579722152116686	ENSG00000061273	ENSG00000061273	HDAC7	histone deacetylase 7
ENSG00000226849.1	0.5575291303090973	0.5575291303090973	ENSG00000226849	ENSG00000226849		
ENSG00000278784.1	0.5574468085815418	0.5574468085815418	ENSG00000278784	ENSG00000278784		
ENSG00000272501.1	0.5572795684131352	0.5572795684131352	ENSG00000272501	ENSG00000272501		
ENSG00000148343.18	0.5571233882277804	0.5571233882277804	ENSG00000148343	ENSG00000148343	MIGA2	mitoguardin 2
ENSG00000171817.17	0.5570074977352325	0.5570074977352325	ENSG00000171817	ENSG00000171817	ZNF540	zinc finger protein 540
ENSG00000204403.9	0.5566534109614091	0.5566534109614091	ENSG00000204403	ENSG00000204403	CASP12	caspase 12 (gene/pseudogene)
ENSG00000106404.14	0.5566208426399692	0.5566208426399692	ENSG00000106404	ENSG00000106404	CLDN15	claudin 15
ENSG00000284773.1	0.5563779440803146	0.5563779440803146	ENSG00000284773	ENSG00000284773		
ENSG00000249087.7	0.5552824868378752	0.5552824868378752	ENSG00000249087	ENSG00000249087	ZNF436-AS1	ZNF436 antisense RNA 1
ENSG00000283297.2	0.5549950633310838	0.5549950633310838	ENSG00000283297	ENSG00000283297	TEX52	testis expressed 52
ENSG00000177666.17	0.5544716345007199	0.5544716345007199	ENSG00000177666	ENSG00000177666	PNPLA2	patatin like domain 2, triacylglycerol lipase
ENSG00000110455.14	0.5542523246563663	0.5542523246563663	ENSG00000110455	ENSG00000110455	ACCS	1-aminocyclopropane-1-carboxylate synthase homolog (inactive)
ENSG00000271259.1	0.5540294042420043	0.5540294042420043	ENSG00000271259	ENSG00000271259		
ENSG00000226005.5	0.5535858858450272	0.5535858858450272	ENSG00000226005	ENSG00000226005	LINC02660	long intergenic non-protein coding RNA 2660
ENSG00000232859.10	0.5534296273756141	0.5534296273756141	ENSG00000232859	ENSG00000232859	LYRM9	LYR motif containing 9
ENSG00000251576.1	0.5525546271124806	0.5525546271124806	ENSG00000251576	ENSG00000251576	LINC01267	long intergenic non-protein coding RNA 1267
ENSG00000178028.14	0.5523393568639647	0.5523393568639647	ENSG00000178028	ENSG00000178028	DMAP1	DNA methyltransferase 1 associated protein 1
ENSG00000276136.1	0.5522651663465618	0.5522651663465618	ENSG00000276136	ENSG00000276136		
ENSG00000011021.23	0.5522466264710616	0.5522466264710616	ENSG00000011021	ENSG00000011021	CLCN6	chloride voltage-gated channel 6
ENSG00000255920.3	0.5521192360897608	0.5521192360897608	ENSG00000255920	ENSG00000255920	CCND2-AS1	CCND2 antisense RNA 1
ENSG00000197766.8	0.5516950720683326	0.5516950720683326	ENSG00000197766	ENSG00000197766	CFD	complement factor D
ENSG00000162241.12	0.5516445726807852	0.5516445726807852	ENSG00000162241	ENSG00000162241	SLC25A45	solute carrier family 25 member 45
ENSG00000267244.5	0.5515680713580965	0.5515680713580965	ENSG00000267244	ENSG00000267244	LOC100288123	uncharacterized LOC100288123
ENSG00000157306.14	0.5514721208866102	0.5514721208866102	ENSG00000157306	ENSG00000157306	ZFHX2-AS1	ZFHX2 antisense RNA 1
ENSG00000228486.10	0.5511934524027683	0.5511934524027683	ENSG00000228486	ENSG00000228486	C2orf92	chromosome 2 open reading frame 92
ENSG00000285410.1	0.5511452103257056	0.5511452103257056	ENSG00000285410	ENSG00000285410	GABPB1-IT1	GABPB1 intronic transcript
ENSG00000221883.4	0.5505429008985476	0.5505429008985476	ENSG00000221883	ENSG00000221883	ARIH2OS	ARIH2 opposite strand lncRNA
ENSG00000220205.9	0.5504956905827859	0.5504956905827859	ENSG00000220205	ENSG00000220205	VAMP2	vesicle associated membrane protein 2
ENSG00000287620.1	0.5499374730337689	0.5499374730337689	ENSG00000287620	ENSG00000287620	LOC105377035	uncharacterized LOC105377035
ENSG00000178188.14	0.549711660087461	0.549711660087461	ENSG00000178188	ENSG00000178188	SH2B1	SH2B adaptor protein 1
ENSG00000269044.2	0.5491666113101433	0.5491666113101433	ENSG00000269044	ENSG00000269044		
ENSG00000286430.1	0.5491030534484067	0.5491030534484067	ENSG00000286430	ENSG00000286430		
ENSG00000276365.1	0.5476925189083921	0.5476925189083921	ENSG00000276365	ENSG00000276365	MIR145	microRNA 145
ENSG00000205482.9	0.5472213538671102	0.5472213538671102	ENSG00000205482	ENSG00000205482	SPDYE18	speedy/RINGO cell cycle regulator family member E18
ENSG00000224032.7	0.5471304142500156	0.5471304142500156	ENSG00000224032	ENSG00000224032	EPB41L4A-AS1	EPB41L4A antisense RNA 1
ENSG00000186715.11	0.546922401616835	0.546922401616835	ENSG00000186715	ENSG00000186715	MST1L	macrophage stimulating 1 like (pseudogene)
ENSG00000161835.11	0.5468890509999744	0.5468890509999744	ENSG00000161835	ENSG00000161835	TAMALIN	trafficking regulator and scaffold protein tamalin
ENSG00000168874.13	0.5464662702122923	0.5464662702122923	ENSG00000168874	ENSG00000168874	ATOH8	atonal bHLH transcription factor 8
ENSG00000244119.1	0.5458099113805386	0.5458099113805386	ENSG00000244119	ENSG00000244119	PDCL3P4	PDCL3 pseudogene 4
ENSG00000142046.15	0.5458076463434001	0.5458076463434001	ENSG00000142046	ENSG00000142046	TMEM91	transmembrane protein 91
ENSG00000115274.15	0.5457094094520498	0.5457094094520498	ENSG00000115274	ENSG00000115274	INO80B	INO80 complex subunit B
ENSG00000245556.3	0.5446963799651404	0.5446963799651404	ENSG00000245556	ENSG00000245556	SCAMP1-AS1	SCAMP1 antisense RNA 1
ENSG00000239697.11	0.5445737249709868	0.5445737249709868	ENSG00000239697	ENSG00000239697	TNFSF12	TNF superfamily member 12
ENSG00000286699.1	0.54433092533506	0.54433092533506	ENSG00000286699	ENSG00000286699		
ENSG00000215252.11	0.5438855792380644	0.5438855792380644	ENSG00000215252	ENSG00000215252	GOLGA8B	golgin A8 family member B
ENSG00000126214.21	0.5438539597549875	0.5438539597549875	ENSG00000126214	ENSG00000126214	KLC1	kinesin light chain 1
ENSG00000166762.19	0.543798603422675	0.543798603422675	ENSG00000166762	ENSG00000166762	CATSPER2	cation channel sperm associated 2
ENSG00000214787.10	0.54365366599988	0.54365366599988	ENSG00000214787	ENSG00000214787	MS4A4E	membrane spanning 4-domains A4E
ENSG00000009724.17	0.5435939206880384	0.5435939206880384	ENSG00000009724	ENSG00000009724	MASP2	MBL associated serine protease 2
ENSG00000139597.18	0.5434895688074597	0.5434895688074597	ENSG00000139597	ENSG00000139597	N4BP2L1	NEDD4 binding protein 2 like 1
ENSG00000197245.6	0.5434535908943191	0.5434535908943191	ENSG00000197245	ENSG00000197245	FAM110D	family with sequence similarity 110 member D
ENSG00000140543.15	0.5434324167251537	0.5434324167251537	ENSG00000140543	ENSG00000140543	DET1	DET1 partner of COP1 E3 ubiquitin ligase
ENSG00000122971.9	0.5430566349240044	0.5430566349240044	ENSG00000122971	ENSG00000122971	ACADS	acyl-CoA dehydrogenase short chain
ENSG00000214140.11	0.5428319393730564	0.5428319393730564	ENSG00000214140	ENSG00000214140	PRCD	photoreceptor disc component
ENSG00000134072.11	0.542263179972936	0.542263179972936	ENSG00000134072	ENSG00000134072	CAMK1	calcium/calmodulin dependent protein kinase I
ENSG00000237489.5	0.5419407474576872	0.5419407474576872	ENSG00000237489	ENSG00000237489	C10orf143	chromosome 10 open reading frame 143
ENSG00000165804.16	0.5418527033535177	0.5418527033535177	ENSG00000165804	ENSG00000165804	ZNF219	zinc finger protein 219
ENSG00000131797.12	0.5416532729257075	0.5416532729257075	ENSG00000131797	ENSG00000131797	CLUHP3	clustered mitochondria homolog pseudogene 3
ENSG00000168395.16	0.5411608105677662	0.5411608105677662	ENSG00000168395	ENSG00000168395	ING5	inhibitor of growth family member 5
ENSG00000107829.15	0.5408995675592942	0.5408995675592942	ENSG00000107829	ENSG00000107829	FBXW4	F-box and WD repeat domain containing 4
ENSG00000247287.3	0.5404453663008064	0.5404453663008064	ENSG00000247287	ENSG00000247287	PRKCH-AS1	PRKCH antisense RNA 1
ENSG00000127415.13	0.5403751753437551	0.5403751753437551	ENSG00000127415	ENSG00000127415	IDUA	alpha-L-iduronidase
ENSG00000104957.14	0.540169826374796	0.540169826374796	ENSG00000104957	ENSG00000104957	YJU2B	YJU2 splicing factor homolog B
ENSG00000168010.11	0.5399452141666442	0.5399452141666442	ENSG00000168010	ENSG00000168010	ATG16L2	autophagy related 16 like 2
ENSG00000228315.12	0.5399280975271574	0.5399280975271574	ENSG00000228315	ENSG00000228315	GUSBP11	GUSB pseudogene 11
ENSG00000277744.1	0.5398727583883147	0.5398727583883147	ENSG00000277744	ENSG00000277744		
ENSG00000152154.11	0.5394018153223592	0.5394018153223592	ENSG00000152154	ENSG00000152154	TMEM178A	transmembrane protein 178A
ENSG00000272849.1	0.5387043307468398	0.5387043307468398	ENSG00000272849	ENSG00000272849		
ENSG00000279861.1	0.5386149295315146	0.5386149295315146	ENSG00000279861	ENSG00000279861		
ENSG00000068745.15	0.5377318471230693	0.5377318471230693	ENSG00000068745	ENSG00000068745	IP6K2	inositol hexakisphosphate kinase 2
ENSG00000162572.21	0.5373416458539169	0.5373416458539169	ENSG00000162572	ENSG00000162572	SCNN1D	sodium channel epithelial 1 subunit delta
ENSG00000095059.16	0.5363391044703109	0.5363391044703109	ENSG00000095059	ENSG00000095059	DHPS	deoxyhypusine synthase
ENSG00000243970.3	0.5363085386677691	0.5363085386677691	ENSG00000243970	ENSG00000243970	PPIEL	peptidylprolyl isomerase E like (pseudogene)
ENSG00000283031.2	0.5354135747622013	0.5354135747622013	ENSG00000283031	ENSG00000283031		
ENSG00000205959.4	0.5353205930598637	0.5353205930598637	ENSG00000205959	ENSG00000205959		
ENSG00000266904.6	0.5352320214220693	0.5352320214220693	ENSG00000266904	ENSG00000266904	LINC00663	long intergenic non-protein coding RNA 663
ENSG00000206149.10	0.5351544807928132	0.5351544807928132	ENSG00000206149	ENSG00000206149	HERC2P9	HERC2 pseudogene 9
ENSG00000243477.6	0.534849961653017	0.534849961653017	ENSG00000243477	ENSG00000243477	NAA80	N-alpha-acetyltransferase 80, NatH catalytic subunit
ENSG00000230415.1	0.5347061359586667	0.5347061359586667	ENSG00000230415	ENSG00000230415	LINC01786	long intergenic non-protein coding RNA 1786
ENSG00000161649.13	0.5340928212570423	0.5340928212570423	ENSG00000161649	ENSG00000161649	CD300LG	CD300 molecule like family member g
ENSG00000219200.12	0.5339760551073741	0.5339760551073741	ENSG00000219200	ENSG00000219200	RNASEK	ribonuclease K
ENSG00000137225.13	0.5336117811175596	0.5336117811175596	ENSG00000137225	ENSG00000137225	CAPN11	calpain 11
ENSG00000269958.1	0.5334162121483784	0.5334162121483784	ENSG00000269958	ENSG00000269958		
ENSG00000235257.9	0.5330618640019894	0.5330618640019894	ENSG00000235257	ENSG00000235257	ITGA9-AS1	ITGA9 antisense RNA 1
ENSG00000168852.13	0.5328573262680371	0.5328573262680371	ENSG00000168852	ENSG00000168852	TPTE2P5	TPTE2 pseudogene 5
ENSG00000244560.7	0.5328227340156586	0.5328227340156586	ENSG00000244560	ENSG00000244560		
ENSG00000242294.6	0.5327427421538621	0.5327427421538621	ENSG00000242294	ENSG00000242294	STAG3L5P	STAG3 cohesin complex component like 5, pseudogene
ENSG00000117425.14	0.5327026642270767	0.5327026642270767	ENSG00000117425	ENSG00000117425	PTCH2	patched 2
ENSG00000187609.16	0.5319940759506789	0.5319940759506789	ENSG00000187609	ENSG00000187609	EXD3	exonuclease 3'-5' domain containing 3
ENSG00000184271.17	0.5319801282207227	0.5319801282207227	ENSG00000184271	ENSG00000184271	POU6F1	POU class 6 homeobox 1
ENSG00000230715.3	0.5319729480312525	0.5319729480312525	ENSG00000230715	ENSG00000230715		
ENSG00000105662.16	0.5317706250830152	0.5317706250830152	ENSG00000105662	ENSG00000105662	CRTC1	CREB regulated transcription coactivator 1
ENSG00000132522.16	0.531759955921522	0.531759955921522	ENSG00000132522	ENSG00000132522	GPS2	G protein pathway suppressor 2
ENSG00000136878.14	0.5314736356559147	0.5314736356559147	ENSG00000136878	ENSG00000136878	USP20	ubiquitin specific peptidase 20
ENSG00000258682.1	0.5314706966726918	0.5314706966726918	ENSG00000258682	ENSG00000258682		
ENSG00000244480.1	0.531441195940194	0.531441195940194	ENSG00000244480	ENSG00000244480		
ENSG00000288663.1	0.5310265349749606	0.5310265349749606	ENSG00000288663	ENSG00000288663		
ENSG00000213139.8	0.5309978162537989	0.5309978162537989	ENSG00000213139	ENSG00000213139	CRYGS	crystallin gamma S
ENSG00000273183.1	0.5306174663770273	0.5306174663770273	ENSG00000273183	ENSG00000273183		
ENSG00000159733.14	0.5304826888158978	0.5304826888158978	ENSG00000159733	ENSG00000159733	ZFYVE28	zinc finger FYVE-type containing 28
ENSG00000150977.10	0.5299366704405217	0.5299366704405217	ENSG00000150977	ENSG00000150977	RILPL2	Rab interacting lysosomal protein like 2
ENSG00000160271.16	0.5293821682410035	0.5293821682410035	ENSG00000160271	ENSG00000160271	RALGDS	ral guanine nucleotide dissociation stimulator
ENSG00000266896.1	0.5292024319048546	0.5292024319048546	ENSG00000266896	ENSG00000266896		
ENSG00000058453.17	0.5288322938370277	0.5288322938370277	ENSG00000058453	ENSG00000058453	CROCC	ciliary rootlet coiled-coil, rootletin
ENSG00000168826.16	0.5280684537035711	0.5280684537035711	ENSG00000168826	ENSG00000168826	ZBTB49	zinc finger and BTB domain containing 49
ENSG00000198089.16	0.5279085945007813	0.5279085945007813	ENSG00000198089	ENSG00000198089	SFI1	SFI1 centrin binding protein
ENSG00000095066.12	0.5274768803882697	0.5274768803882697	ENSG00000095066	ENSG00000095066	HOOK2	hook microtubule tethering protein 2
ENSG00000261326.4	0.5273319224110848	0.5273319224110848	ENSG00000261326	ENSG00000261326	LINC01355	long intergenic non-protein coding RNA 1355
ENSG00000123933.17	0.5271795520206362	0.5271795520206362	ENSG00000123933	ENSG00000123933	MXD4	MAX dimerization protein 4
ENSG00000171962.18	0.5269216684709482	0.5269216684709482	ENSG00000171962	ENSG00000171962	DRC3	dynein regulatory complex subunit 3
ENSG00000189129.14	0.5269049696369635	0.5269049696369635	ENSG00000189129	ENSG00000189129	PLAC9	placenta associated 9
ENSG00000213088.12	0.5268091240292219	0.5268091240292219	ENSG00000213088	ENSG00000213088	ACKR1	atypical chemokine receptor 1 (Duffy blood group)
ENSG00000105227.16	0.5259547670889106	0.5259547670889106	ENSG00000105227	ENSG00000105227	PRX	periaxin
ENSG00000262580.5	0.5258030236462733	0.5258030236462733	ENSG00000262580	ENSG00000262580		
ENSG00000139636.15	0.5256041515039781	0.5256041515039781	ENSG00000139636	ENSG00000139636	LMBR1L	limb development membrane protein 1 like
ENSG00000165197.5	0.5254415290613565	0.5254415290613565	ENSG00000165197	ENSG00000165197	VEGFD	vascular endothelial growth factor D
ENSG00000099840.14	0.5252663150553545	0.5252663150553545	ENSG00000099840	ENSG00000099840	IZUMO4	IZUMO family member 4
ENSG00000110025.13	0.524923952068253	0.524923952068253	ENSG00000110025	ENSG00000110025	SNX15	sorting nexin 15
ENSG00000105792.19	0.5247799246650531	0.5247799246650531	ENSG00000105792	ENSG00000105792	CFAP69	cilia and flagella associated protein 69
ENSG00000254505.11	0.5247198029758257	0.5247198029758257	ENSG00000254505	ENSG00000254505	CHMP4A	charged multivesicular body protein 4A
ENSG00000179818.14	0.5246652643633097	0.5246652643633097	ENSG00000179818	ENSG00000179818	PCBP1-AS1	PCBP1 antisense RNA 1
ENSG00000241684.6	0.524599190277205	0.524599190277205	ENSG00000241684	ENSG00000241684	ADAMTS9-AS2	ADAMTS9 antisense RNA 2
ENSG00000214765.8	0.524548637666489	0.524548637666489	ENSG00000214765	ENSG00000214765	SEPTIN7P2	septin 7 pseudogene 2
ENSG00000259658.5	0.524460032665608	0.524460032665608	ENSG00000259658	ENSG00000259658	UBE2Q2P13	UBE2Q2 pseudogene 13
ENSG00000164088.18	0.5237109935747161	0.5237109935747161	ENSG00000164088	ENSG00000164088	PPM1M	protein phosphatase, Mg2+/Mn2+ dependent 1M
ENSG00000286724.1	0.5237096719609139	0.5237096719609139	ENSG00000286724	ENSG00000286724		
ENSG00000126218.12	0.5236249295786624	0.5236249295786624	ENSG00000126218	ENSG00000126218	F10	coagulation factor X
ENSG00000265996.1	0.5234179520746354	0.5234179520746354	ENSG00000265996	ENSG00000265996	MIR3671	microRNA 3671
ENSG00000243431.1	0.5229762890799937	0.5229762890799937	ENSG00000243431	ENSG00000243431	RPL5P30	ribosomal protein L5 pseudogene 30
ENSG00000174428.18	0.5227917749413857	0.5227917749413857	ENSG00000174428	ENSG00000174428	GTF2IRD2B	GTF2I repeat domain containing 2B
ENSG00000088992.18	0.5227364257973146	0.5227364257973146	ENSG00000088992	ENSG00000088992	TESC	tescalcin
ENSG00000102796.11	0.5226548433662488	0.5226548433662488	ENSG00000102796	ENSG00000102796	DHRS12	dehydrogenase/reductase 12
ENSG00000185291.12	0.5222064422891192	0.5222064422891192	ENSG00000185291	ENSG00000185291	IL3RA	interleukin 3 receptor subunit alpha
ENSG00000273188.1	0.5221996561719006	0.5221996561719006	ENSG00000273188	ENSG00000273188		
ENSG00000184465.16	0.5219529929734781	0.5219529929734781	ENSG00000184465	ENSG00000184465	WDR27	WD repeat domain 27
ENSG00000269929.3	0.5218954090186478	0.5218954090186478	ENSG00000269929	ENSG00000269929	MIRLET7A1HG	miRlet-7a-1/let-7f-1/let-7d cluster host gene
ENSG00000267082.1	0.5217970983428794	0.5217970983428794	ENSG00000267082	ENSG00000267082	DOCK6-AS1	DOCK6 antisense RNA 1
ENSG00000213316.10	0.521650529519192	0.521650529519192	ENSG00000213316	ENSG00000213316	LTC4S	leukotriene C4 synthase
ENSG00000267838.2	0.5215027285717841	0.5215027285717841	ENSG00000267838	ENSG00000267838		
ENSG00000197776.8	0.5214389987854506	0.5214389987854506	ENSG00000197776	ENSG00000197776	KLHDC1	kelch domain containing 1
ENSG00000160953.16	0.5213430102507132	0.5213430102507132	ENSG00000160953	ENSG00000160953	PWWP3A	PWWP domain containing 3A, DNA repair factor
ENSG00000285051.2	0.5212592519932406	0.5212592519932406	ENSG00000285051	ENSG00000285051	SLC7A14-AS1	SLC7A14 antisense RNA 1
ENSG00000261485.1	0.5205920632267169	0.5205920632267169	ENSG00000261485	ENSG00000261485	PAN3-AS1	PAN3 antisense RNA 1
ENSG00000239704.11	0.5204454412655052	0.5204454412655052	ENSG00000239704	ENSG00000239704	CDRT4	CMT1A duplicated region transcript 4
ENSG00000168497.5	0.5204420677035531	0.5204420677035531	ENSG00000168497	ENSG00000168497	CAVIN2	caveolae associated protein 2
ENSG00000178971.16	0.5203678127896175	0.5203678127896175	ENSG00000178971	ENSG00000178971	CTC1	CST telomere replication complex component 1
ENSG00000136003.16	0.5200660088120428	0.5200660088120428	ENSG00000136003	ENSG00000136003	ISCU	iron-sulfur cluster assembly enzyme
ENSG00000248592.7	0.5200570202549232	0.5200570202549232	ENSG00000248592	ENSG00000248592	STIMATE-MUSTN1	STIMATE-MUSTN1 readthrough
ENSG00000250397.2	0.520010503738751	0.520010503738751	ENSG00000250397	ENSG00000250397		
ENSG00000281538.1	0.5196313148774191	0.5196313148774191	ENSG00000281538	ENSG00000281538		
ENSG00000008226.20	0.519389793144966	0.519389793144966	ENSG00000008226	ENSG00000008226	DLEC1	DLEC1 cilia and flagella associated protein
ENSG00000220785.7	0.5193748103430459	0.5193748103430459	ENSG00000220785	ENSG00000220785	MTMR9LP	myotubularin related protein 9 like, pseudogene
ENSG00000227544.10	0.5192821338365868	0.5192821338365868	ENSG00000227544	ENSG00000227544	LINC03013	long intergenic non-protein coding RNA 3013
ENSG00000256508.2	0.5192274304374851	0.5192274304374851	ENSG00000256508	ENSG00000256508	MRGPRF-AS1	MRGPRF antisense RNA 1
ENSG00000274925.1	0.5190642882585282	0.5190642882585282	ENSG00000274925	ENSG00000274925	ZKSCAN2-DT	ZKSCAN2 divergent transcript
ENSG00000248445.5	0.5189470156449892	0.5189470156449892	ENSG00000248445	ENSG00000248445	SEMA6A-AS1	SEMA6A antisense RNA 1
ENSG00000142082.15	0.518857690908184	0.518857690908184	ENSG00000142082	ENSG00000142082	SIRT3	sirtuin 3
ENSG00000161960.16	0.5185581746488104	0.5185581746488104	ENSG00000161960	ENSG00000161960	EIF4A1	eukaryotic translation initiation factor 4A1
ENSG00000277631.5	0.5183471573212187	0.5183471573212187	ENSG00000277631	ENSG00000277631	PGM5P3-AS1	PGM5P3 antisense RNA 1
ENSG00000168079.17	0.518240452566689	0.518240452566689	ENSG00000168079	ENSG00000168079	SCARA5	scavenger receptor class A member 5
ENSG00000275152.5	0.5182099203587927	0.5182099203587927	ENSG00000275152	ENSG00000275152	CCL16	C-C motif chemokine ligand 16
ENSG00000041880.14	0.5180719488597283	0.5180719488597283	ENSG00000041880	ENSG00000041880	PARP3	poly(ADP-ribose) polymerase family member 3
ENSG00000272040.1	0.5179223463395721	0.5179223463395721	ENSG00000272040	ENSG00000272040		
ENSG00000164007.11	0.5178696992731694	0.5178696992731694	ENSG00000164007	ENSG00000164007	CLDN19	claudin 19
ENSG00000100068.13	0.5177490620191922	0.5177490620191922	ENSG00000100068	ENSG00000100068	LRP5L	LDL receptor related protein 5 like (pseudogene)
ENSG00000117724.13	-0.5177012591323955	0.5177012591323955	ENSG00000117724	ENSG00000117724	CENPF	centromere protein F
ENSG00000258311.5	0.5175227500589569	0.5175227500589569	ENSG00000258311	ENSG00000258311		
ENSG00000099365.11	0.5173459893585264	0.5173459893585264	ENSG00000099365	ENSG00000099365	STX1B	syntaxin 1B
ENSG00000275888.1	0.5169397726510316	0.5169397726510316	ENSG00000275888	ENSG00000275888		
ENSG00000258646.1	0.516910122398783	0.516910122398783	ENSG00000258646	ENSG00000258646		
ENSG00000165028.12	0.5165101299631701	0.5165101299631701	ENSG00000165028	ENSG00000165028	NIPSNAP3B	nipsnap homolog 3B
ENSG00000274659.2	0.5162781516799835	0.5162781516799835	ENSG00000274659	ENSG00000274659	LINC02371	long intergenic non-protein coding RNA 2371
ENSG00000170222.12	0.5157193096963935	0.5157193096963935	ENSG00000170222	ENSG00000170222	ADPRM	ADP-ribose/CDP-alcohol diphosphatase, manganese dependent
ENSG00000244055.2	0.5155366009888002	0.5155366009888002	ENSG00000244055	ENSG00000244055		
ENSG00000180139.11	0.5154918421949494	0.5154918421949494	ENSG00000180139	ENSG00000180139	ACTA2-AS1	ACTA2 antisense RNA 1
ENSG00000236871.7	0.515459421185298	0.515459421185298	ENSG00000236871	ENSG00000236871	LINC00106	long intergenic non-protein coding RNA 106
ENSG00000174680.10	0.5152614198720281	0.5152614198720281	ENSG00000174680	ENSG00000174680	GRIK1-AS1	GRIK1 antisense RNA 1
ENSG00000106479.11	0.5152382464747307	0.5152382464747307	ENSG00000106479	ENSG00000106479	ZNF862	zinc finger protein 862
ENSG00000285589.1	0.5151395286377134	0.5151395286377134	ENSG00000285589	ENSG00000285589		
ENSG00000149090.12	0.5145380120623795	0.5145380120623795	ENSG00000149090	ENSG00000149090	PAMR1	peptidase domain containing associated with muscle regeneration 1
ENSG00000241769.7	0.5144952199313922	0.5144952199313922	ENSG00000241769	ENSG00000241769	EOLA1-DT	EOLA1 divergent transcript
ENSG00000120049.20	0.5144229193728709	0.5144229193728709	ENSG00000120049	ENSG00000120049	KCNIP2	potassium voltage-gated channel interacting protein 2
ENSG00000176248.9	0.5143841434706194	0.5143841434706194	ENSG00000176248	ENSG00000176248	ANAPC2	anaphase promoting complex subunit 2
ENSG00000166432.15	0.514234003021045	0.514234003021045	ENSG00000166432	ENSG00000166432	ZMAT1	zinc finger matrin-type 1
ENSG00000270091.1	0.5141164673079957	0.5141164673079957	ENSG00000270091	ENSG00000270091		
ENSG00000276148.1	0.5140658761082313	0.5140658761082313	ENSG00000276148	ENSG00000276148		
ENSG00000223745.8	0.5140532416396206	0.5140532416396206	ENSG00000223745	ENSG00000223745	CCDC18-AS1	CCDC18 antisense RNA 1
ENSG00000226696.6	0.5139175443710425	0.5139175443710425	ENSG00000226696	ENSG00000226696	LENG8-AS1	LENG8 antisense RNA 1
ENSG00000160323.19	0.5138098015773945	0.5138098015773945	ENSG00000160323	ENSG00000160323	ADAMTS13	ADAM metallopeptidase with thrombospondin type 1 motif 13
ENSG00000144579.8	0.5137188408258966	0.5137188408258966	ENSG00000144579	ENSG00000144579	CTDSP1	CTD small phosphatase 1
ENSG00000005379.17	0.5136623401520725	0.5136623401520725	ENSG00000005379	ENSG00000005379	TSPOAP1	TSPO associated protein 1
ENSG00000204305.14	0.5131500099633833	0.5131500099633833	ENSG00000204305	ENSG00000204305	AGER	advanced glycosylation end-product specific receptor
ENSG00000187942.12	0.5126841414296908	0.5126841414296908	ENSG00000187942	ENSG00000187942	LDLRAD2	low density lipoprotein receptor class A domain containing 2
ENSG00000267532.5	0.51249644879066	0.51249644879066	ENSG00000267532	ENSG00000267532	ALOX12-AS1	ALOX12 antisense RNA 1
ENSG00000145386.11	-0.5121462941769912	0.5121462941769912	ENSG00000145386	ENSG00000145386	CCNA2	cyclin A2
ENSG00000278112.1	0.5120023939168311	0.5120023939168311	ENSG00000278112	ENSG00000278112		
ENSG00000285938.1	0.5119275242170376	0.5119275242170376	ENSG00000285938	ENSG00000285938	BCL6-AS1	BCL6 antisense RNA 1
ENSG00000226252.1	0.5119140820148856	0.5119140820148856	ENSG00000226252	ENSG00000226252		
ENSG00000181035.14	0.5115534523698965	0.5115534523698965	ENSG00000181035	ENSG00000181035	SLC25A42	solute carrier family 25 member 42
ENSG00000272153.1	0.5114929724004972	0.5114929724004972	ENSG00000272153	ENSG00000272153		
ENSG00000162461.8	0.5111568483076537	0.5111568483076537	ENSG00000162461	ENSG00000162461	SLC25A34	solute carrier family 25 member 34
ENSG00000236017.8	0.5110993016610069	0.5110993016610069	ENSG00000236017	ENSG00000236017	ASMTL-AS1	ASMTL antisense RNA 1
ENSG00000227782.2	0.511066574999233	0.511066574999233	ENSG00000227782	ENSG00000227782		
ENSG00000129197.14	0.5109881272130167	0.5109881272130167	ENSG00000129197	ENSG00000129197	RPAIN	RPA interacting protein
ENSG00000259236.1	0.5109624351311127	0.5109624351311127	ENSG00000259236	ENSG00000259236	GOLGA8VP	golgin A8 family member V, pseudogene
ENSG00000273148.1	0.5109410884181023	0.5109410884181023	ENSG00000273148	ENSG00000273148	LCDR	lysosome cell death regulator
ENSG00000274105.1	0.5107722605547959	0.5107722605547959	ENSG00000274105	ENSG00000274105		
ENSG00000185271.9	0.5106994899973037	0.5106994899973037	ENSG00000185271	ENSG00000185271	KLHL33	kelch like family member 33
ENSG00000285728.2	0.5103957735222687	0.5103957735222687	ENSG00000285728	ENSG00000285728		
ENSG00000215041.10	0.5103893439225012	0.5103893439225012	ENSG00000215041	ENSG00000215041	NEURL4	neuralized E3 ubiquitin protein ligase 4
ENSG00000169607.13	-0.5101818301580989	0.5101818301580989	ENSG00000169607	ENSG00000169607	CKAP2L	cytoskeleton associated protein 2 like
ENSG00000206417.8	0.5099341945293158	0.5099341945293158	ENSG00000206417	ENSG00000206417	H1-10-AS1	H1-10 antisense RNA 1
ENSG00000149527.18	0.5099017341586404	0.5099017341586404	ENSG00000149527	ENSG00000149527	PLCH2	phospholipase C eta 2
ENSG00000090006.18	0.5097057536393748	0.5097057536393748	ENSG00000090006	ENSG00000090006	LTBP4	latent transforming growth factor beta binding protein 4
ENSG00000272506.1	0.5096715390178512	0.5096715390178512	ENSG00000272506	ENSG00000272506		
ENSG00000214783.9	0.5096665715955966	0.5096665715955966	ENSG00000214783	ENSG00000214783		
ENSG00000164406.8	0.5093900911056032	0.5093900911056032	ENSG00000164406	ENSG00000164406	LEAP2	liver enriched antimicrobial peptide 2
ENSG00000247092.7	0.5092029721586233	0.5092029721586233	ENSG00000247092	ENSG00000247092	SNHG10	small nucleolar RNA host gene 10
ENSG00000168096.15	0.5085608111191772	0.5085608111191772	ENSG00000168096	ENSG00000168096	ANKS3	ankyrin repeat and sterile alpha motif domain containing 3
ENSG00000169660.17	0.5085536995929469	0.5085536995929469	ENSG00000169660	ENSG00000169660	HEXD	hexosaminidase D
ENSG00000168060.16	0.5084901669296202	0.5084901669296202	ENSG00000168060	ENSG00000168060	NAALADL1	N-acetylated alpha-linked acidic dipeptidase like 1
ENSG00000179335.18	0.5084453053541066	0.5084453053541066	ENSG00000179335	ENSG00000179335	CLK3	CDC like kinase 3
ENSG00000182481.10	-0.5083837484332298	0.5083837484332298	ENSG00000182481	ENSG00000182481	KPNA2	karyopherin subunit alpha 2
ENSG00000241644.2	0.508260284906132	0.508260284906132	ENSG00000241644	ENSG00000241644	INMT	indolethylamine N-methyltransferase
ENSG00000268230.5	0.5082537234064732	0.5082537234064732	ENSG00000268230	ENSG00000268230		
ENSG00000155275.19	0.5080615369928191	0.5080615369928191	ENSG00000155275	ENSG00000155275	TRMT44	tRNA methyltransferase 44 homolog
ENSG00000274403.1	0.5078949590843734	0.5078949590843734	ENSG00000274403	ENSG00000274403		
ENSG00000100813.14	0.5077618770220431	0.5077618770220431	ENSG00000100813	ENSG00000100813	ACIN1	apoptotic chromatin condensation inducer 1
ENSG00000283787.2	0.5077607059733659	0.5077607059733659	ENSG00000283787	ENSG00000283787	PRR33	proline rich 33
ENSG00000183378.12	0.5075955990457197	0.5075955990457197	ENSG00000183378	ENSG00000183378	OVCH2	ovochymase 2
ENSG00000274341.1	0.5075853665974932	0.5075853665974932	ENSG00000274341	ENSG00000274341		
ENSG00000232653.8	0.5074680209207302	0.5074680209207302	ENSG00000232653	ENSG00000232653	GOLGA8N	golgin A8 family member N
ENSG00000197536.11	0.507069527712916	0.507069527712916	ENSG00000197536	ENSG00000197536	CARINH	colitis associated IRF1 antisense regulator of intestinal homeostasis
ENSG00000237840.6	0.5068997970979027	0.5068997970979027	ENSG00000237840	ENSG00000237840	WASHC2FP	WASHC2F, pseudogene
ENSG00000163815.6	0.5068046138663068	0.5068046138663068	ENSG00000163815	ENSG00000163815	CLEC3B	C-type lectin domain family 3 member B
ENSG00000100802.15	0.5064074821879179	0.5064074821879179	ENSG00000100802	ENSG00000100802	C14orf93	chromosome 14 open reading frame 93
ENSG00000214548.18	0.5062571337833995	0.5062571337833995	ENSG00000214548	ENSG00000214548	MEG3	maternally expressed 3
ENSG00000254536.2	0.506194334012984	0.506194334012984	ENSG00000254536	ENSG00000254536		
ENSG00000132635.17	0.5060246190398775	0.5060246190398775	ENSG00000132635	ENSG00000132635	PCED1A	PC-esterase domain containing 1A
ENSG00000111077.18	0.5059057209325272	0.5059057209325272	ENSG00000111077	ENSG00000111077	TNS2	tensin 2
ENSG00000259081.1	0.5058063562638198	0.5058063562638198	ENSG00000259081	ENSG00000259081		
ENSG00000162231.14	0.5053605087434585	0.5053605087434585	ENSG00000162231	ENSG00000162231	NXF1	nuclear RNA export factor 1
ENSG00000168477.19	0.5053139894973605	0.5053139894973605	ENSG00000168477	ENSG00000168477	TNXB	tenascin XB
ENSG00000286067.1	0.5046055443484614	0.5046055443484614	ENSG00000286067	ENSG00000286067		
ENSG00000224066.1	0.5044972662413744	0.5044972662413744	ENSG00000224066	ENSG00000224066	IQCC-AS1	IQCC and CCDC28B antisense RNA 1
ENSG00000263990.1	0.504478731033259	0.504478731033259	ENSG00000263990	ENSG00000263990		
ENSG00000240038.6	0.5043952976335377	0.5043952976335377	ENSG00000240038	ENSG00000240038	AMY2B	amylase alpha 2B
ENSG00000148204.12	0.5043648572757122	0.5043648572757122	ENSG00000148204	ENSG00000148204	CRB2	crumbs cell polarity complex component 2
ENSG00000185522.9	0.5043030130089297	0.5043030130089297	ENSG00000185522	ENSG00000185522	LMNTD2	lamin tail domain containing 2
ENSG00000225398.3	0.5041322540502884	0.5041322540502884	ENSG00000225398	ENSG00000225398	PGM5P4	phosphoglucomutase 5 pseudogene 4
ENSG00000266967.7	0.5039969355560111	0.5039969355560111	ENSG00000266967	ENSG00000266967	AARSD1	alanyl-tRNA synthetase domain containing 1
ENSG00000148773.14	-0.5038361773861529	0.5038361773861529	ENSG00000148773	ENSG00000148773	MKI67	marker of proliferation Ki-67
ENSG00000225057.2	0.5035775059426757	0.5035775059426757	ENSG00000225057	ENSG00000225057		
ENSG00000245812.3	0.5035590500092102	0.5035590500092102	ENSG00000245812	ENSG00000245812	LINC02202	long intergenic non-protein coding RNA 2202
ENSG00000288033.1	0.5033899817972839	0.5033899817972839	ENSG00000288033	ENSG00000288033		
ENSG00000114346.14	-0.5032002544267394	0.5032002544267394	ENSG00000114346	ENSG00000114346	ECT2	epithelial cell transforming 2
ENSG00000280239.1	0.5031848664395193	0.5031848664395193	ENSG00000280239	ENSG00000280239		
ENSG00000120458.13	0.5028577875986233	0.5028577875986233	ENSG00000120458	ENSG00000120458	MSANTD2	Myb/SANT DNA binding domain containing 2
ENSG00000235505.7	0.5025631894422542	0.5025631894422542	ENSG00000235505	ENSG00000235505	CASP4LP	caspase 4 like, pseudogene
ENSG00000281026.1	0.5025221287988485	0.5025221287988485	ENSG00000281026	ENSG00000281026	N4BP2L2-IT2	N4BPL2 intronic transcript 2
ENSG00000231160.10	0.502131400484933	0.502131400484933	ENSG00000231160	ENSG00000231160	KLF3-AS1	KLF3 antisense RNA 1
ENSG00000167553.16	-0.5020581748541018	0.5020581748541018	ENSG00000167553	ENSG00000167553	TUBA1C	tubulin alpha 1c
ENSG00000248994.2	0.5019310227349786	0.5019310227349786	ENSG00000248994	ENSG00000248994	LOC124901165	keratin-associated protein 5-5-like
ENSG00000286214.1	0.5014807379702676	0.5014807379702676	ENSG00000286214	ENSG00000286214	COPG2IT1	COPG2 imprinted transcript 1
ENSG00000010319.7	0.5014595227728907	0.5014595227728907	ENSG00000010319	ENSG00000010319	SEMA3G	semaphorin 3G
ENSG00000285752.1	0.5011022207117394	0.5011022207117394	ENSG00000285752	ENSG00000285752	CDC42-AS1	CDC42 antisense RNA 1
ENSG00000200356.1	0.5008779481297498	0.5008779481297498	ENSG00000200356	ENSG00000200356	RNU6-833P	RNA, U6 small nuclear 833, pseudogene
ENSG00000280739.3	0.5008334338452849	0.5008334338452849	ENSG00000280739	ENSG00000280739	ENTPD3-AS1	ENTPD3, EIF1B and MYRIP antisense RNA 1
ENSG00000169682.18	0.5007111795217284	0.5007111795217284	ENSG00000169682	ENSG00000169682	SPNS1	SPNS lysolipid transporter 1, lysophospholipid
ENSG00000179094.16	0.5006794838787657	0.5006794838787657	ENSG00000179094	ENSG00000179094	PER1	period circadian regulator 1
ENSG00000215067.10	0.5005751605138328	0.5005751605138328	ENSG00000215067	ENSG00000215067		
ENSG00000088325.16	-0.5004776663340004	0.5004776663340004	ENSG00000088325	ENSG00000088325	TPX2	TPX2 microtubule nucleation factor
ENSG00000286977.1	0.4998409788788245	0.4998409788788245	ENSG00000286977	ENSG00000286977		
ENSG00000149575.9	0.4995614188049608	0.4995614188049608	ENSG00000149575	ENSG00000149575	SCN2B	sodium voltage-gated channel beta subunit 2
ENSG00000170209.5	0.4995414745787169	0.4995414745787169	ENSG00000170209	ENSG00000170209	ANKK1	ankyrin repeat and kinase domain containing 1
ENSG00000249494.6	0.4993694894104084	0.4993694894104084	ENSG00000249494	ENSG00000249494	DMXL1-DT	DMXL1 divergent transcript
ENSG00000085563.15	0.4992935940559473	0.4992935940559473	ENSG00000085563	ENSG00000085563	ABCB1	ATP binding cassette subfamily B member 1
ENSG00000151376.17	0.4992274637038184	0.4992274637038184	ENSG00000151376	ENSG00000151376	ME3	malic enzyme 3
ENSG00000272645.3	0.4991479233313535	0.4991479233313535	ENSG00000272645	ENSG00000272645	GTF2IP20	general transcription factor IIi pseudogene 20
ENSG00000178977.3	0.4990764989663416	0.4990764989663416	ENSG00000178977	ENSG00000178977	LINC00324	long intergenic non-protein coding RNA 324
ENSG00000154832.15	0.498897870805482	0.498897870805482	ENSG00000154832	ENSG00000154832	CXXC1	CXXC finger protein 1
ENSG00000268189.2	0.4987372023163505	0.4987372023163505	ENSG00000268189	ENSG00000268189		
ENSG00000213398.8	0.4986813992110181	0.4986813992110181	ENSG00000213398	ENSG00000213398	LCAT	lecithin-cholesterol acyltransferase
ENSG00000272374.1	0.4983999700693596	0.4983999700693596	ENSG00000272374	ENSG00000272374	SCUBE3-AS1	SCUBE3 antisense RNA 1
ENSG00000163239.12	0.4982436527579985	0.4982436527579985	ENSG00000163239	ENSG00000163239	TDRD10	tudor domain containing 10
ENSG00000272078.1	0.4980247227969858	0.4980247227969858	ENSG00000272078	ENSG00000272078		
ENSG00000059122.17	0.4980042286004283	0.4980042286004283	ENSG00000059122	ENSG00000059122	FLYWCH1	FLYWCH-type zinc finger 1
ENSG00000188747.8	0.4978660490947053	0.4978660490947053	ENSG00000188747	ENSG00000188747	NOXA1	NADPH oxidase activator 1
ENSG00000272752.6	0.4977276857435465	0.4977276857435465	ENSG00000272752	ENSG00000272752	STAG3L5P-PVRIG2P-PILRB	STAG3L5P-PVRIG2P-PILRB readthrough
ENSG00000177098.9	0.4977083640517887	0.4977083640517887	ENSG00000177098	ENSG00000177098	SCN4B	sodium voltage-gated channel beta subunit 4
ENSG00000258727.1	0.4976248738251122	0.4976248738251122	ENSG00000258727	ENSG00000258727	AP1G2-AS1	AP1G2 antisense RNA 1
ENSG00000260645.2	0.4975600242608973	0.4975600242608973	ENSG00000260645	ENSG00000260645		
ENSG00000135437.10	0.4974215545463885	0.4974215545463885	ENSG00000135437	ENSG00000135437	RDH5	retinol dehydrogenase 5
ENSG00000238164.6	0.4972780415412858	0.4972780415412858	ENSG00000238164	ENSG00000238164	TNFRSF14-AS1	TNFRSF14 antisense RNA 1
ENSG00000104983.8	0.4972280142440698	0.4972280142440698	ENSG00000104983	ENSG00000104983	CCDC61	coiled-coil domain containing 61
ENSG00000279457.4	0.4971364229498679	0.4971364229498679	ENSG00000279457	ENSG00000279457	WASH9P	WAS protein family homolog 9, pseudogene
ENSG00000089847.12	0.4969582751802224	0.4969582751802224	ENSG00000089847	ENSG00000089847	ANKRD24	ankyrin repeat domain 24
ENSG00000138180.16	-0.4967952258097798	0.4967952258097798	ENSG00000138180	ENSG00000138180	CEP55	centrosomal protein 55
ENSG00000164050.13	0.4966674372374194	0.4966674372374194	ENSG00000164050	ENSG00000164050	PLXNB1	plexin B1
ENSG00000168237.18	0.4965812836643223	0.4965812836643223	ENSG00000168237	ENSG00000168237	GLYCTK	glycerate kinase
ENSG00000138071.14	-0.4964095808191451	0.4964095808191451	ENSG00000138071	ENSG00000138071	ACTR2	actin related protein 2
ENSG00000228401.5	0.4963919084070163	0.4963919084070163	ENSG00000228401	ENSG00000228401	LNCEGFL7OS	lncRNA EGFL7 opposite strand
ENSG00000177363.5	0.4963401435195523	0.4963401435195523	ENSG00000177363	ENSG00000177363	LRRN4CL	LRRN4 C-terminal like
ENSG00000180264.11	0.4963370633833104	0.4963370633833104	ENSG00000180264	ENSG00000180264	ADGRD2	adhesion G protein-coupled receptor D2
ENSG00000262370.6	0.495870821396262	0.495870821396262	ENSG00000262370	ENSG00000262370		
ENSG00000267221.3	0.4957923941297162	0.4957923941297162	ENSG00000267221	ENSG00000267221	C17orf113	chromosome 17 open reading frame 113
ENSG00000186642.16	0.4957203270405135	0.4957203270405135	ENSG00000186642	ENSG00000186642	PDE2A	phosphodiesterase 2A
ENSG00000255122.1	0.4956814880425109	0.4956814880425109	ENSG00000255122	ENSG00000255122		
ENSG00000119725.20	0.4956564520872486	0.4956564520872486	ENSG00000119725	ENSG00000119725	ZNF410	zinc finger protein 410
ENSG00000224713.4	0.4953694013012367	0.4953694013012367	ENSG00000224713	ENSG00000224713		
ENSG00000223442.1	0.4953556538209711	0.4953556538209711	ENSG00000223442	ENSG00000223442	TH2LCRR	T helper type 2 locus control region associated RNA
ENSG00000134884.15	0.494875911946698	0.494875911946698	ENSG00000134884	ENSG00000134884	ARGLU1	arginine and glutamate rich 1
ENSG00000169679.15	-0.4948378000823231	0.4948378000823231	ENSG00000169679	ENSG00000169679	BUB1	BUB1 mitotic checkpoint serine/threonine kinase
ENSG00000159788.19	0.4948161449862509	0.4948161449862509	ENSG00000159788	ENSG00000159788	RGS12	regulator of G protein signaling 12
ENSG00000144504.15	0.4946090602744591	0.4946090602744591	ENSG00000144504	ENSG00000144504	ANKMY1	ankyrin repeat and MYND domain containing 1
ENSG00000277959.1	0.4945717672579648	0.4945717672579648	ENSG00000277959	ENSG00000277959		
ENSG00000120471.15	0.4944343000434104	0.4944343000434104	ENSG00000120471	ENSG00000120471	TP53AIP1	tumor protein p53 regulated apoptosis inducing protein 1
ENSG00000189157.14	0.4938148697671594	0.4938148697671594	ENSG00000189157	ENSG00000189157	FAM47E	family with sequence similarity 47 member E
ENSG00000182873.5	0.4937614102306828	0.4937614102306828	ENSG00000182873	ENSG00000182873	PRKCZ-AS1	PRKCZ antisense RNA 1
ENSG00000255284.2	0.4936273243609622	0.4936273243609622	ENSG00000255284	ENSG00000255284	GATD1-DT	GATD1 divergent transcript
ENSG00000169964.8	0.4934743167859186	0.4934743167859186	ENSG00000169964	ENSG00000169964	TMEM42	transmembrane protein 42
ENSG00000166333.14	0.4933278690856794	0.4933278690856794	ENSG00000166333	ENSG00000166333	ILK	integrin linked kinase
ENSG00000179523.5	0.4932976410851901	0.4932976410851901	ENSG00000179523	ENSG00000179523	EIF3J-DT	EIF3J divergent transcript
ENSG00000166960.16	0.4931748845428465	0.4931748845428465	ENSG00000166960	ENSG00000166960	CCDC178	coiled-coil domain containing 178
ENSG00000204681.11	0.4930127749942534	0.4930127749942534	ENSG00000204681	ENSG00000204681	GABBR1	gamma-aminobutyric acid type B receptor subunit 1
ENSG00000262089.1	0.4927251711405067	0.4927251711405067	ENSG00000262089	ENSG00000262089		
ENSG00000184205.14	0.4925554816759514	0.4925554816759514	ENSG00000184205	ENSG00000184205	TSPYL2	TSPY like 2
ENSG00000183401.12	0.4925531296191062	0.4925531296191062	ENSG00000183401	ENSG00000183401	CCDC159	coiled-coil domain containing 159
ENSG00000177042.14	0.4924564743433366	0.4924564743433366	ENSG00000177042	ENSG00000177042	TMEM80	transmembrane protein 80
ENSG00000157782.9	0.4922532409685944	0.4922532409685944	ENSG00000157782	ENSG00000157782	CABP1	calcium binding protein 1
ENSG00000166436.16	0.4920701472609989	0.4920701472609989	ENSG00000166436	ENSG00000166436	TRIM66	tripartite motif containing 66
ENSG00000267395.5	0.4920082528721247	0.4920082528721247	ENSG00000267395	ENSG00000267395	DM1-AS	DM1 locus antisense RNA
ENSG00000234290.2	0.491998328707222	0.491998328707222	ENSG00000234290	ENSG00000234290		
ENSG00000101447.15	-0.4918231137645839	0.4918231137645839	ENSG00000101447	ENSG00000101447	FAM83D	family with sequence similarity 83 member D
ENSG00000187800.13	0.4917888042148667	0.4917888042148667	ENSG00000187800	ENSG00000187800	PEAR1	platelet endothelial aggregation receptor 1
ENSG00000102878.17	0.4917614627155779	0.4917614627155779	ENSG00000102878	ENSG00000102878	HSF4	heat shock transcription factor 4
ENSG00000265972.6	0.4917422605944829	0.4917422605944829	ENSG00000265972	ENSG00000265972	TXNIP	thioredoxin interacting protein
ENSG00000238260.1	0.4915188598755586	0.4915188598755586	ENSG00000238260	ENSG00000238260		
ENSG00000197816.16	0.4913995553441899	0.4913995553441899	ENSG00000197816	ENSG00000197816	CCDC180	coiled-coil domain containing 180
ENSG00000274987.1	0.4912349295010809	0.4912349295010809	ENSG00000274987	ENSG00000274987		
ENSG00000066279.18	-0.4910689322397756	0.4910689322397756	ENSG00000066279	ENSG00000066279	ASPM	assembly factor for spindle microtubules
ENSG00000156970.13	-0.491061133496457	0.491061133496457	ENSG00000156970	ENSG00000156970	BUB1B	BUB1 mitotic checkpoint serine/threonine kinase B
ENSG00000283445.1	0.4907097969140074	0.4907097969140074	ENSG00000283445	ENSG00000283445		
ENSG00000257354.2	0.49062516229985	0.49062516229985	ENSG00000257354	ENSG00000257354	MIRLET7IHG	MIRLET7I host gene
ENSG00000267769.1	0.4900721793728311	0.4900721793728311	ENSG00000267769	ENSG00000267769		
ENSG00000280362.1	0.4900113192611814	0.4900113192611814	ENSG00000280362	ENSG00000280362		
ENSG00000258498.8	0.4899839049970871	0.4899839049970871	ENSG00000258498	ENSG00000258498	DIO3OS	DIO3 opposite strand upstream RNA
ENSG00000154134.15	0.4899455111674488	0.4899455111674488	ENSG00000154134	ENSG00000154134	ROBO3	roundabout guidance receptor 3
ENSG00000126787.13	-0.4897626026820629	0.4897626026820629	ENSG00000126787	ENSG00000126787	DLGAP5	DLG associated protein 5
ENSG00000127419.17	0.4896108826095035	0.4896108826095035	ENSG00000127419	ENSG00000127419	TMEM175	transmembrane protein 175
ENSG00000254910.1	0.4895408295394857	0.4895408295394857	ENSG00000254910	ENSG00000254910		
